Date_quarter,Date,sp500,vix,cpi,pop16,hours,priv_emp,wti,gs2,nfci,epu,gdp,inv,unrate,GPRD,GPRD_ACT,GPRD_THREAT,t10Y2Y,t10Y3M,payems
1990,1990-01-01,336.574763222346,22.1746031746032,128.033333333333,188519.666666667,80.657,91216.6666666667,21.7223333333333,8.36333333333333,0.0505461538461538,102.409722997016,10047.386,1304.586,5.3,78.3434444444445,70.9834444444445,77.6482222222222,0.0590322580645161,0.39741935483871,109424
1990.25,1990-04-01,349.796507820251,18.7220634920635,129.3,188916.333333333,80.31,91273.3333333333,17.8966666666667,8.57,-0.000443846153846158,95.5668159299197,10083.855,1304.993,5.33333333333333,85.2016483516483,69.5865934065934,92.2897802197802,0.103015873015873,0.663333333333333,109784
1990.5,1990-07-01,335.881745353578,25.1955555555556,131.533333333333,189352.666666667,79.893,91163.3333333333,26.4996666666667,8.1,0.0801746153846154,130.513768077186,10090.569,1279.695,5.7,176.641304347826,107.521847826087,234.382934782609,0.602539682539683,0.975873015873016,109648
1990.75,1990-10-01,316.562033176422,26.11328125,133.766666666667,189866.333333333,79.553,90802,31.853,7.59666666666667,0.458306923076923,141.394794537672,9998.704,1208.107,6.13333333333333,152.322173913043,108.545217391304,189.914782608696,0.800161290322581,1.18661290322581,109255.666666667
1991,1991-01-01,352.282950979764,22.5158333333333,134.766666666667,190271.666666667,78.776,90305.6666666667,21.7806666666667,7.03333333333333,0.177106153846154,139.48869745992,9951.916,1167.908,6.6,270.630555555555,347.779,238.731,0.987166666666667,1.8115,108787
1991.25,1991-04-01,378.665936946869,17.14703125,135.566666666667,190655.666666667,78.282,89796.3333333333,20.7526666666667,6.89666666666667,-0.239215384615385,87.0271671356354,10029.51,1167.904,6.83333333333333,91.1567032967034,80.1686813186813,97.302967032967,1.23140625,2.38921875,108311
1991.5,1991-07-01,385.559842586517,16.63421875,136.6,191121.333333333,78.19,89738.6666666667,21.655,6.51,-0.477993076923077,102.355178370983,10080.195,1191.028,6.86666666666667,112.848260869565,81.7957608695652,140.502717391304,1.42890625,2.4040625,108308
1991.75,1991-10-01,387.116094112396,17.4553125,137.733333333333,191650.666666667,78.055,89710,21.7366666666667,5.5,-0.616255384615385,139.914768249133,10115.329,1233.261,7.1,100.551195652174,70.5604347826087,125.295543478261,1.84129032258065,2.66532258064516,108330.333333333
1992,1992-01-01,411.971903967479,17.5642857142857,138.666666666667,192074.666666667,77.596,89651,18.9103333333333,5.28666666666667,-0.66879,122.596737893061,10236.435,1210.478,7.36666666666667,90.3101098901099,62.2634065934066,108.557142857143,2.01306451612903,3.30483870967742,108348.333333333
1992.25,1992-04-01,410.06158883231,15.6163492063492,139.733333333333,192506.666666667,77.912,89872.3333333333,21.186,5.20666666666667,-0.823414615384615,96.9427325980399,10347.429,1278.935,7.6,85.6317582417582,61.3121978021978,101.377912087912,2.17285714285714,3.60793650793651,108623.666666667
1992.5,1992-07-01,417.119062423706,13.90203125,140.8,193024.333333333,78.031,90043.6666666667,21.6703333333333,4.14666666666667,-0.908939230769231,127.821180833354,10449.673,1289.101,7.63333333333333,77.6035869565218,56.9551086956522,91.1670652173913,2.46796875,3.46765625,108886.666666667
1992.75,1992-10-01,423.687655925751,14.76109375,142.033333333333,193615.666666667,78.546,90458.6666666667,20.479,4.44333333333333,-0.75417,119.092133728202,10558.648,1328.433,7.36666666666667,81.6132608695653,63.5557608695652,93.7995652173913,2.29564516129032,3.59661290322581,109307.666666667
1993,1993-01-01,442.750320926789,13.2553225806452,143.066666666667,194106,79.231,91044,19.825,4.14666666666667,-0.959569230769231,100.079304177017,10576.275,1359.751,7.13333333333333,104.262222222222,87.269,116.172444444444,2.12508196721311,3.23295081967213,109947.333333333
1993.25,1993-04-01,445.505872453962,12.9731746031746,144.1,194555.333333333,80.135,91585,19.76,3.99333333333333,-0.998811538461539,114.61231896042,10637.847,1367.575,7.06666666666667,109.733076923077,76.0948351648352,134.876043956044,1.99238095238095,2.95285714285714,110537.666666667
1993.5,1993-07-01,453.558748245239,12.1171875,144.766666666667,195068,80.602,92191.3333333333,17.7963333333333,3.97333333333333,-1.08317384615385,112.702153151003,10688.606,1358.287,6.8,103.2025,92.7214130434783,108.35902173913,1.64140625,2.545,111234.333333333
1993.75,1993-10-01,464.271874427796,12.4215625,145.966666666667,195621,81.375,92942.3333333333,16.4513333333333,4.08,-0.983471428571429,81.7840056875281,10833.987,1429.661,6.63333333333333,90.4798913043478,57.5669565217392,111.011195652174,1.53096774193548,2.48306451612903,112015.333333333
1994,1994-01-01,469.213492257255,13.4361904761905,146.7,196085.333333333,81.886,93713.6666666667,14.8133333333333,4.53666666666667,-0.947805,87.2217763190893,10939.116,1484.116,6.56666666666667,98.4545555555556,74.6343333333333,113.027111111111,1.53064516129032,2.75548387096774,112876
1994.25,1994-04-01,451.168549076204,14.5125806451613,147.533333333333,196522,83.211,94663,17.7766666666667,5.81666666666667,-0.736527692307692,96.1090754196415,11087.361,1557.107,6.2,107.044725274725,75.6534065934066,128.516153846154,1.26274193548387,2.97774193548387,113916.666666667
1994.5,1994-07-01,461.120780944824,12.51625,148.9,197050,84.19,95604.6666666667,18.4966666666667,6.23333333333333,-0.768273571428571,83.2409456379285,11152.176,1531.67,6,100.097173913043,66.9507608695652,123.488152173913,1.09484375,2.71890625,114919.333333333
1994.75,1994-10-01,460.0052378821,15.2687301587302,149.766666666667,197600.666666667,84.539,96466.3333333333,17.6566666666667,7.15666666666667,-0.532404615384615,83.7122303595518,11279.932,1594.684,5.63333333333333,95.4413043478261,75.5731521739131,111.904456521739,0.674590163934426,2.39327868852459,115832.666666667
1995,1995-01-01,480.465715680804,11.992380952381,150.866666666667,197882,84.949,97292,18.3566666666667,7.13333333333333,-0.570639230769231,103.136038942578,11319.951,1611.428,5.46666666666667,80.7468888888889,76.8913333333333,79.694,0.356774193548387,1.55483870967742,116702.333333333
1995.25,1995-04-01,524.44285656157,12.1903174603175,152.1,198295.666666667,84.827,97702,19.3433333333333,6.15333333333333,-0.690260769230769,69.7068682248076,11353.721,1577.96,5.66666666666667,97.3696703296703,87.8347252747253,104.392747252747,0.468412698412698,0.828253968253968,117134.333333333
1995.5,1995-07-01,564.796346997458,12.4726984126984,152.866666666667,198807,85.801,98201.6666666667,17.8533333333333,5.85666666666667,-0.702492307692308,69.3072894389067,11450.31,1568.555,5.66666666666667,97.0025,92.0628260869566,103.595326086957,0.467619047619048,0.796666666666667,117633.666666667
1995.75,1995-10-01,597.171428377666,12.8996825396825,153.7,199351.666666667,86.02,98707.6666666667,18.1566666666667,5.5,-0.738936923076923,90.5920848335353,11528.067,1607.513,5.56666666666667,69.9367391304348,64.7078260869565,70.7816304347826,0.395483870967742,0.477741935483871,118172
1996,1996-01-01,636.454764229911,15.398253968254,155.066666666667,199776,86.186,99193,19.77,5.26666666666667,-0.789621538461539,86.743356286393,11614.418,1633.332,5.53333333333333,91.7704395604395,90.3615384615385,91.0919780219781,0.640322580645161,0.837903225806452,118682
1996.25,1996-04-01,658.85206046937,16.368253968254,156.4,200279.333333333,86.993,99950.6666666667,21.7566666666667,6.12,-0.708656153846154,71.7445355553716,11808.14,1711.813,5.5,84.9123076923077,88.0565934065933,78.9871428571429,0.60328125,1.55875,119474.666666667
1996.5,1996-07-01,660.09797000885,16.7784375,157.3,200849.666666667,87.716,100666.333333333,22.4233333333333,6.17666666666667,-0.733312307692308,79.1072858453837,11914.063,1789.565,5.26666666666667,94.8392391304348,98.5053260869566,93.435652173913,0.6,1.53421875,120205.666666667
1996.75,1996-10-01,725.860781669617,17.20625,158.666666666667,201457.333333333,88.705,101355,24.6666666666667,5.79666666666667,-0.760825384615385,65.7382620080253,12037.775,1787.19,5.33333333333333,67.9201086956522,60.9141304347826,69.9946739130435,0.550483870967742,1.24483870967742,120918.333333333
1997,1997-01-01,784.740657618788,19.9165,159.633333333333,202395.666666667,89.468,102074.333333333,22.79,6.04333333333333,-0.71948,79.3281164532046,12115.472,1823.255,5.23333333333333,53.8845555555556,52.8697777777778,54.1885555555556,0.522333333333333,1.36916666666667,121674
1997.25,1997-04-01,823.489846229553,19.92296875,160,202835.333333333,89.905,102933.333333333,19.9066666666667,6.27333333333333,-0.643956923076923,77.1506612429754,12317.221,1935.157,5,51.8907692307692,50.0234065934066,50.798021978022,0.42375,1.5071875,122554.666666667
1997.5,1997-07-01,929.944374084473,22.445,160.8,203366.666666667,90.449,103597.666666667,19.7833333333333,5.90333333333333,-0.650788461538462,63.3451762442716,12471.01,1962.053,4.86666666666667,46.1978260869565,44.6216304347826,44.7285869565217,0.3384375,1.05578125,123258.333333333
1997.75,1997-10-01,951.379063606262,27.092380952381,161.666666666667,203935.333333333,90.871,104478,19.9166666666667,5.73333333333333,-0.516756153846154,94.2039636446579,12577.495,1990.86,4.66666666666667,51.1421739130435,34.9332608695652,61.4055434782609,0.171774193548387,0.676612903225807,124233
1998,1998-01-01,1023.09000484279,21.3245901639344,162,204395,91.43,105213.333333333,15.93,5.44666666666667,-0.609929230769231,97.4836146219956,12703.742,2078.205,4.63333333333333,62.1794444444445,44.9521111111111,74.3823333333333,0.141311475409836,0.402295081967213,124996
1998.25,1998-04-01,1109.66713944692,21.5342857142857,162.533333333333,204905,91.91,105932.666666667,14.6533333333333,5.55666666666667,-0.590367692307692,78.4907193380081,12821.339,2065.336,4.4,73.4865934065934,43.7425274725275,93.4842857142858,0.0349206349206349,0.477619047619048,125789.333333333
1998.5,1998-07-01,1085.08077907562,29.75171875,163.366666666667,205482.666666667,92.047,106542.333333333,14.13,5.13333333333333,-0.38163,133.640940942545,12982.752,2118.989,4.53333333333333,70.8376086956522,72.1998913043478,71.5721739130435,0.07125,0.24703125,126500.333333333
1998.75,1998-10-01,1121.6270275116,29.5371875,164.133333333333,206097.666666667,93.178,107214,12.84,4.38,-0.0758423076923077,123.140987866927,13191.67,2183.382,4.43333333333333,65.8769565217392,51.4868478260869,76.6863043478261,0.285645161290323,0.299032258064516,127255.333333333
1999,1999-01-01,1260.49262575243,27.2527868852459,164.733333333333,206876,93.042,107885,13.0466666666667,4.85,-0.315813846153846,95.1155635162424,13315.597,2243.548,4.3,68.9533333333334,58.5333333333334,75.7688888888889,0.139180327868852,0.475245901639344,128017
1999.25,1999-04-01,1329.64333767361,24.3955555555556,165.966666666667,207431.666666667,93.552,108585,17.66,5.28333333333333,-0.404613076923077,69.8299900560801,13426.748,2244.682,4.26666666666667,89.8941758241759,89.8504395604395,91.3016483516484,0.25703125,0.9575,128831
1999.5,1999-07-01,1341.98672485352,23.320625,167.2,208043.666666667,94.159,109215.666666667,21.7366666666667,5.63,-0.19098,80.3512089680671,13604.771,2306.47,4.23333333333333,65.3029347826087,58.7332608695652,69.2008695652174,0.250625,1.0878125,129588.333333333
1999.75,1999-10-01,1374.09875106812,22.65828125,168.433333333333,208660.333333333,94.544,109978.333333333,24.5633333333333,5.94,-0.138344285714286,73.6588971166946,13827.98,2367.988,4.06666666666667,73.3592391304348,68.8754347826087,78.7207608695652,0.196612903225806,0.937258064516129,130476
2000,2000-01-01,1420.00142609127,23.1503174603175,170.1,211586,94.989,110611,28.8066666666667,6.52666666666667,-0.176049230769231,78.5508393318485,13878.147,2351.223,4.03333333333333,60.0396703296704,58.9474725274726,59.6289010989011,-0.0579365079365079,0.763809523809524,131245.333333333
2000.25,2000-04-01,1446.59364924355,24.9239682539683,171.433333333333,212242,95.247,111071.333333333,28.7833333333333,6.56333333333333,-0.00458923076923077,99.4423931729044,14130.908,2490.501,3.93333333333333,64.6535164835165,59.0960439560439,68.7630769230769,-0.387777777777778,0.288888888888889,132016.666666667
2000.5,2000-07-01,1475.97888764881,19.1690476190476,173,212918.666666667,95.241,111453.666666667,31.6233333333333,6.21666666666667,-0.152286923076923,73.0386005171645,14145.312,2466.375,4,50.4425,39.814347826087,56.8072826086957,-0.327142857142857,-0.312222222222222,132266.666666667
2000.75,2000-10-01,1366.3103124225,26.0166666666667,174.233333333333,213560.333333333,94.876,111772.333333333,31.98,5.71333333333333,-0.124842307692308,135.181993094403,14229.765,2471.534,3.9,55.541847826087,55.5025,57.2771739130435,-0.148387096774194,-0.629516129032258,132541.333333333
2001,2001-01-01,1273.32903855847,25.7264516129032,175.9,214101,94.847,111852,28.81,4.58666666666667,-0.237588461538462,136.204645683519,14183.12,2358.969,4.23333333333333,55.0945555555556,47.606,61.5873333333333,0.464032258064516,0.110806451612903,132747.333333333
2001.25,2001-04-01,1234.25031389509,23.9238095238095,177.133333333333,214735.666666667,93.925,111335.666666667,27.8833333333333,4.19,-0.388302307692308,119.88516373965,14271.694,2362.652,4.4,59.9734065934066,55.4431868131868,63.37,1.08444444444444,1.53555555555556,132388.333333333
2001.5,2001-07-01,1153.70661331436,25.3803389830509,177.633333333333,215421.666666667,92.801,110770,26.6,3.64,-0.448990769230769,162.819676531987,14214.516,2311.409,4.83333333333333,186.559120879121,99.1810389610389,121.685326086957,1.31950819672131,1.71213114754098,131985
2001.75,2001-10-01,1115.36766052246,27.91,177.5,216111.666666667,91.734,109874.333333333,20.4033333333333,2.87333333333333,-0.379410769230769,189.830669382262,14253.574,2196.554,5.5,344.336304347826,512.173373493976,173.915543478261,1.895,2.81241935483871,131193
2002,2002-01-01,1132.21483357748,21.3608333333333,178.066666666667,216664,90.985,109373,21.61,3.20333333333333,-0.479113846153846,116.857384288415,14372.785,2262.071,5.7,154.930888888889,229.440222222222,98.4473333333334,1.87866666666667,3.32483333333333,130772.333333333
2002.25,2002-04-01,1070.15000247955,21.643125,179.466666666667,217203.666666667,91.178,109138,26.27,3.22333333333333,-0.592146153846154,105.318212252303,14460.848,2298.939,5.83333333333333,153.759230769231,203.378461538462,121.971758241758,1.8721875,3.35984375,130640
2002.5,2002-07-01,895.488596916199,35.0684375,180.433333333333,217867.666666667,90.85,108996.333333333,28.33,2.23,-0.421854615384615,141.876130099409,14519.633,2295.983,5.73333333333333,138.536304347826,168.022391304348,120.109456521739,2.03359375,2.59859375,130556
2002.75,2002-10-01,886.52828502655,30.72671875,181.5,218543,90.989,108990,28.18,1.89,-0.430050769230769,150.535444889975,14537.58,2293.746,5.86666666666667,166.580108695652,181.928260869565,165.733152173913,2.11516129032258,2.63887096774194,130566
2003,2003-01-01,860.76016385438,30.0226229508197,183.366666666667,220109.333333333,90.527,108796.333333333,34.12,1.64666666666667,-0.539653846153846,190.666199044311,14614.141,2312.465,5.86666666666667,264.480777777778,268.732444444444,296.280333333333,2.27098360655738,2.74524590163934,130416.333333333
2003.25,2003-04-01,937.994601779514,21.5312698412698,183.066666666667,220774,90.24,108595,29.0366666666667,1.42333333333333,-0.699689230769231,136.528413073941,14743.567,2327.492,6.13333333333333,185.796373626374,228.592967032967,162.883956043956,2.19904761904762,2.56174603174603,130184.333333333
2003.5,2003-07-01,1000.38046932221,19.32015625,184.433333333333,221512.666666667,90.376,108632.333333333,30.2133333333333,1.68,-0.69863,101.672127902741,14988.782,2411.638,6.13333333333333,130.146847826087,164.128043478261,104.540543478261,2.549375,3.27984375,130196.666666667
2003.75,2003-10-01,1056.452501297,17.4271875,185.133333333333,222275.666666667,90.798,108957,31.19,1.86333333333333,-0.720428461538462,82.5418921066473,15162.76,2493.928,5.83333333333333,118.947391304348,149.493152173913,99.2039130434783,2.42887096774194,3.35,130503.333333333
2004,2004-01-01,1132.67128630607,16.658064516129,186.7,222356,91.2,109346.333333333,35.2566666666667,1.69333333333333,-0.798616153846154,87.1699923041907,15248.68,2498.14,5.7,122.164395604396,146.872307692308,106.276483516484,2.32338709677419,3.07629032258065,130905
2004.25,2004-04-01,1123.19645641696,16.2112698412698,188.166666666667,222973.333333333,91.297,110024.666666667,38.33,2.45333333333333,-0.733184615384615,87.4031491629721,15366.85,2597.507,5.6,135.696923076923,180.303846153846,106.489450549451,2.14241935483871,3.50096774193548,131634.333333333
2004.5,2004-07-01,1103.90827941895,15.4421875,189.366666666667,223680,91.817,110339,43.86,2.56,-0.704095384615385,93.9719864121718,15512.619,2638.672,5.43333333333333,140.978260869565,174.914782608696,125.342608695652,1.74484375,2.7875,131961.333333333
2004.75,2004-10-01,1162.65203285217,13.65140625,191.4,224418,92.327,110841,48.3066666666667,2.81333333333333,-0.713303571428571,93.8566991456421,15670.88,2693.575,5.43333333333333,116.479456521739,147.811304347826,91.6817391304348,1.35338709677419,2.12838709677419,132521.333333333
2005,2005-01-01,1191.94786797195,12.7870491803279,192.366666666667,225038,92.587,111249,49.7066666666667,3.44333333333333,-0.7041725,55.9128851098758,15844.727,2769.261,5.3,99.4982222222222,107.408111111111,89.8197777777778,0.848688524590164,1.7144262295082,132988.666666667
2005.25,2005-04-01,1181.9740562439,13.40734375,193.666666666667,225674,93.061,111952.333333333,53.0433333333333,3.64333333333333,-0.616901538461539,78.4974093141908,15922.782,2733.225,5.1,89.2679120879121,101.030769230769,77.9052747252748,0.51265625,1.231875,133718.333333333
2005.5,2005-07-01,1224.17437744141,12.25078125,196.6,226422.333333333,93.297,112597.333333333,63.08,3.95333333333333,-0.602065,79.1088786221581,16047.587,2769.106,4.96666666666667,128.743586956522,170.860108695652,96.5733695652174,0.2571875,0.776875,134452.333333333
2005.75,2005-10-01,1230.46825396826,12.781746031746,198.433333333333,227196,93.896,113077.666666667,60.0333333333333,4.36333333333333,-0.578865384615385,69.9748694555516,16136.734,2857.35,4.96666666666667,88.3495652173913,110.524239130435,71.1584782608696,0.123606557377049,0.574590163934426,134933.333333333
2006,2006-01-01,1283.65500173261,12.0424193548387,199.466666666667,227763.666666667,94.914,113855,63.3466666666667,4.6,-0.618553076923077,66.5263520098131,16353.835,2899.229,4.73333333333333,93.9545555555556,99.2784444444445,88.6726666666667,-0.0275806451612903,0.0704838709677419,135731
2006.25,2006-04-01,1280.81174432664,14.5287301587302,201.266666666667,228432.666666667,95.13,114341.666666667,70.53,4.99333333333333,-0.587985384615385,77.3492684064795,16396.151,2882.564,4.63333333333333,91.9293406593407,95.8120879120879,86.7275824175824,0.0747619047619048,0.242539682539683,136264
2006.5,2006-07-01,1288.31730724517,13.6079365079365,203.166666666667,229166.333333333,95.491,114661.666666667,70.4433333333333,4.93,-0.583044615384615,72.5802992711164,16420.738,2871.589,4.63333333333333,133.059239130435,141.352826086957,128.969347826087,-0.0355555555555556,-0.141587301587302,136683.666666667
2006.75,2006-10-01,1388.63539341518,11.0349206349206,202.333333333333,229896,95.942,114972.333333333,60.0933333333333,4.73666666666667,-0.627336923076923,52.0892268940438,16561.866,2818.228,4.43333333333333,97.4520652173913,88.1004347826087,102.689347826087,-0.106935483870968,-0.401129032258065,137052
2007,2007-01-01,1424.3813116355,12.5636065573771,204.317,230839.333333333,95.895,115479,58.13,4.76666666666667,-0.655382307692308,65.9666391841975,16611.69,2800.037,4.5,92.7924444444445,89.5182222222223,92.7483333333333,-0.0814516129032258,-0.435,137604
2007.25,2007-04-01,1497.17618815104,13.7319047619048,206.631,231482,96.31,115777.333333333,64.97,4.80666666666667,-0.565985384615385,66.5793154887328,16713.314,2827.01,4.5,88.7414285714286,98.5036263736264,79.6749450549451,0.04234375,-0.0259375,137969
2007.5,2007-07-01,1489.46349516369,21.5892063492064,207.939,232210,96.054,115827.333333333,75.5,4.38,-0.0633346153846154,81.5609009129639,16809.587,2794.526,4.66666666666667,96.6498913043479,106.69347826087,90.5677173913044,0.347619047619048,0.304126984126984,138052.666666667
2007.75,2007-10-01,1495.7454662323,22.02984375,210.489666666667,232936.666666667,95.792,115952,90.85,3.47666666666667,0.269246923076923,104.732379423786,16915.191,2762.518,4.8,94.97,87.2157608695652,98.8796739130435,0.776935483870968,0.775,138287.666666667
2008,2008-01-01,1350.66147500961,26.1201639344262,212.769666666667,232806.666666667,95.468,115909,97.9533333333333,2.02333333333333,0.646202307692308,133.27717314278,16843.003,2686.998,5,80.1761538461538,84.6227472527472,74.0918681318681,1.63590163934426,1.56081967213115,138325
2008.25,2008-04-01,1371.62750434876,20.67296875,215.537666666667,233410,94.917,115379,123.963333333333,2.42333333333333,0.624596153846154,92.0026720372274,16943.291,2641.85,5.33333333333333,77.2006593406593,75.2771428571428,76.0246153846154,1.46515625,2.23140625,137862.333333333
2008.5,2008-07-01,1252.02468299866,25.0734375,218.861,234110.333333333,93.872,114599.666666667,117.983333333333,2.35666666666667,0.926006153846154,144.812558939815,16854.295,2589.254,6,89.0539130434783,95.9567391304348,80.7675,1.5021875,2.341875,137157
2008.75,2008-10-01,911.977345466614,58.6046875,213.848666666667,234825,91.473,113006,58.37,1.21333333333333,2.74857384615385,187.438112957417,16485.35,2338.938,6.86666666666667,79.3989130434783,93.281195652174,69.6982608695652,2.0191935483871,2.92290322580645,135561
2009,2009-01-01,807.665900558722,45,212.377666666667,234912.666666667,89.016,110724,42.96,0.906666666666667,2.15337307692308,185.119005524634,16298.262,2073.135,8.26666666666667,75.4045555555556,76.2611111111111,74.3105555555556,1.83196721311475,2.52393442622951,133295.666666667
2009.25,2009-04-01,892.601427835132,33.0157142857143,213.507,235459.333333333,86.833,108808.666666667,59.5433333333333,1.01333333333333,1.11168,115.448168140652,16269.145,1952.641,9.3,86.1856043956044,83.5857142857143,85.4935164835165,2.3031746031746,3.14952380952381,131432
2009.5,2009-07-01,995.748280525208,25.48625,215.344,236093,85.747,107957.333333333,68.2033333333333,1.03333333333333,0.336403846153846,104.846360868672,16326.281,1946.867,9.63333333333333,81.8919565217392,76.8278260869565,80.7270652173913,2.4878125,3.3578125,130460.333333333
2009.75,2009-10-01,1088.723279953,23.071875,217.03,236739,85.743,107463,76.0666666666667,0.873333333333333,-0.0252415384615385,98.1390386405122,16502.754,2128.516,9.93333333333333,89.1672826086957,90.8219565217391,85.2122826086956,2.58612903225806,3.40354838709677,129976
2010,2010-01-01,1123.5936019147,20.1496721311475,217.374,236996.333333333,86.109,107295.666666667,78.6266666666667,0.916666666666667,-0.258143076923077,126.090974241921,16582.71,2174.335,9.83333333333333,82.6641111111112,83.7545555555555,80.4947777777778,2.80016393442623,3.60803278688525,129790.666666667
2010.25,2010-04-01,1134.58443971664,26.3914285714286,217.297333333333,237506,86.762,107655.666666667,77.89,0.87,-0.235156153846154,133.732553410074,16743.162,2288.469,9.63333333333333,90.663956043956,77.5468131868132,97.110989010989,2.619375,3.34421875,130424
2010.5,2010-07-01,1096.24687480927,24.28359375,217.934333333333,238103.666666667,87.167,107979,76.1666666666667,0.54,-0.252416153846154,170.3055560638,16872.266,2390.072,9.46666666666667,77.6729347826087,79.0579347826087,73.4364130434783,2.24578125,2.6296875,130391
2010.75,2010-10-01,1204.58562088013,19.3184375,219.699,238711.333333333,87.587,108450,85.0266666666667,0.483333333333333,-0.451439285714286,160.453451337148,16960.864,2383.297,9.5,86.250652173913,83.1945652173913,87.8970652173913,2.39129032258065,2.73887096774194,130733.333333333
2011,2011-01-01,1302.52902713899,18.6148387096774,222.043666666667,238851.666666667,87.739,108836.666666667,93.98,0.693333333333333,-0.57866,123.298974597867,16920.632,2338.901,9.03333333333333,101.696222222222,106.824222222222,98.0851111111111,2.76370967741936,3.33064516129032,131058.333333333
2011.25,2011-04-01,1318.33285861545,17.482380952381,224.568333333333,239316,88.621,109585,102.553333333333,0.566666666666667,-0.574375384615385,116.144548905311,17035.114,2434.538,9.06666666666667,93.350989010989,109.823186813187,80.9878021978022,2.63984126984127,3.15619047619048,131744
2011.5,2011-07-01,1225.26844215393,30.58359375,226.032666666667,239871,88.85,110137.666666667,89.71,0.283333333333333,-0.260807857142857,235.083995782636,17031.313,2445.296,9,82.6014130434783,101.652934782609,64.6970652173913,2.135,2.38921875,132154
2011.75,2011-10-01,1225.65126836868,29.9395238095238,227.047333333333,240431.333333333,89.687,110736,94.0633333333333,0.263333333333333,-0.0995292307692308,154.880807358511,17222.583,2633.829,8.63333333333333,81.0544565217391,79.8294565217391,81.7432608695652,1.78311475409836,2.03196721311475,132710.333333333
2012,2012-01-01,1348.78371503276,18.2040322580645,228.326,242436,90.354,111555,102.893333333333,0.286666666666667,-0.372805384615385,124.200522060685,17367.01,2692.179,8.26666666666667,85.6979120879121,75.2226373626374,93.547032967033,1.75048387096774,1.96935483870968,133500.333333333
2012.25,2012-04-01,1349.6785656157,20.0357142857143,228.808,242968.333333333,90.471,111999.333333333,93.48,0.29,-0.323471538461539,143.436833728374,17444.525,2752.614,8.2,84.4713186813187,79.6132967032967,84.9728571428572,1.53625,1.7375,133923.333333333
2012.5,2012-07-01,1400.9457155258,16.1926984126984,229.841,243564,90.992,112419.333333333,92.27,0.26,-0.429832307692308,168.622009674865,17469.65,2759.86,8.03333333333333,75.0821739130435,77.5875,72.1335869565218,1.38349206349206,1.53968253968254,134337.333333333
2012.75,2012-10-01,1418.13903021043,16.7529032258065,231.369333333333,244169,91.52,112964.666666667,88.16,0.27,-0.566481538461539,195.648337721072,17489.852,2736.423,7.8,78.8778260869565,86.5310869565218,70.8534782608696,1.43950819672131,1.61737704918033,134855.666666667
2013,2013-01-01,1513.97999674479,13.527,232.299333333333,244828.666666667,92.128,113623.666666667,94.3533333333333,0.266666666666667,-0.654136923076923,158.012439090102,17662.4,2845.38,7.73333333333333,82.627,89.1872222222223,80.7274444444445,1.68816666666667,1.86466666666667,135497
2013.25,2013-04-01,1609.49125099182,14.83703125,232.045,245363.333333333,92.504,114224.666666667,94.2233333333333,0.27,-0.692166923076923,123.698168076862,17709.671,2882.489,7.53333333333333,86.5682417582418,88.3335164835165,84.7618681318681,1.71609375,1.9346875,136082.333333333
2013.5,2013-07-01,1674.94359207153,14.2796875,233.3,245961,92.876,114792.333333333,105.823333333333,0.366666666666667,-0.669318461538462,126.69520157048,17860.45,2998.991,7.23333333333333,87.8919565217391,92.3080434782609,83.8716304347826,2.340625,2.674375,136619.333333333
2013.75,2013-10-01,1768.66734695435,14.2328125,234.162666666667,246564.333333333,93.138,115412.333333333,97.3433333333333,0.326666666666667,-0.755342307692308,143.436405946159,18016.147,3027.805,6.93333333333333,73.4847826086957,67.2119565217392,75.0119565217391,2.41693548387097,2.68403225806452,137243.333333333
2014,2014-01-01,1834.87114778112,14.8288524590164,235.621,247086,93.496,115928.666666667,98.7466666666667,0.373333333333333,-0.780061538461539,100.697719692356,17953.974,2998.148,6.66666666666667,90.1143333333333,74.8581111111111,98.4903333333333,2.39065573770492,2.71606557377049,137752.666666667
2014.25,2014-04-01,1900.37269616506,12.738253968254,236.872333333333,247625,94.487,116692.666666667,103.346666666667,0.42,-0.786600769230769,94.9923137722185,18185.911,3121.321,6.2,91.29,80.8517582417582,100.159450549451,2.20142857142857,2.58793650793651,138552.666666667
2014.5,2014-07-01,1975.90812110901,13.07265625,237.478333333333,248232.666666667,95.241,117417.333333333,97.78,0.516666666666667,-0.732152307692308,76.1999751075168,18406.941,3193.152,6.06666666666667,133.073586956522,114.784673913043,152.870434782609,1.98453125,2.473125,139301.666666667
2014.75,2014-10-01,2009.34437561035,16.07234375,236.888333333333,248842.666666667,96.203,118151.666666667,73.16,0.54,-0.639479230769231,97.9786179566923,18500.031,3203.351,5.7,83.4544565217392,82.1757608695653,83.4666304347826,1.73935483870968,2.25338709677419,140083.666666667
2015,2015-01-01,2063.68983534516,16.5647540983607,235.355,249900.666666667,96.688,118803.333333333,48.54,0.603333333333333,-0.527036153846154,101.37755399129,18666.621,3314.895,5.53333333333333,107.962777777778,112.708555555556,105.539111111111,1.36426229508197,1.94426229508197,140772.666666667
2015.25,2015-04-01,2101.82905505953,13.7401587301587,236.96,250461.333333333,96.953,119470.333333333,57.8466666666667,0.613333333333333,-0.547613846153846,107.247980045152,18782.243,3328.049,5.43333333333333,86.2869230769231,83.9434065934066,87.6615384615385,1.55171875,2.14609375,141481
2015.5,2015-07-01,2027.20000267029,19.30734375,237.855,251099,97.076,120080.333333333,46.4166666666667,0.693333333333333,-0.464936153846154,142.39036673023,18857.418,3335.27,5.1,94.4035869565217,80.7571739130435,104.240869565217,1.530625,2.18046875,142130.333333333
2015.75,2015-10-01,2052.31187820435,17.03328125,237.837,251741.333333333,97.782,120743.333333333,41.95,0.833333333333333,-0.435299230769231,100.74969367642,18892.206,3315.334,5.03333333333333,124.15152173913,166.956630434783,98.4044565217392,1.35225806451613,2.065,142821.333333333
2016,2016-01-01,1951.22491355021,20.4862295081967,237.689333333333,252580.666666667,98.03,121283,33.1833333333333,0.836666666666667,-0.326331538461538,144.556426251722,19001.69,3301.09,4.9,107.629120879121,115.445494505495,101.925824175824,1.07803278688525,1.62377049180328,143426.333333333
2016.25,2016-04-01,2075.13140678406,15.6759375,239.590333333333,253180,98.281,121779.333333333,45.4066666666667,0.773333333333333,-0.37679,142.197283845161,19062.709,3287.033,4.93333333333333,85.6105494505495,92.0478021978022,80.9018681318682,0.97890625,1.49078125,143967
2016.5,2016-07-01,2162.05686950684,13.23390625,240.607333333333,253855,98.761,122417.666666667,44.85,0.726666666666667,-0.351827857142857,119.229187231085,19197.938,3301.079,4.9,104.791630434783,128.795,89.8610869565217,0.83625,1.26609375,144716.333333333
2016.75,2016-10-01,2184.87855747768,14.0979365079365,242.134666666667,254534.333333333,98.848,122927,49.1366666666667,1.00666666666667,-0.414464615384615,174.530079590052,19304.352,3391.749,4.76666666666667,90.5298913043478,99.6389130434783,85.4845652173913,1.12918032786885,1.70540983606557,145219
2017,2017-01-01,2325.92789976059,11.691935483871,243.838666666667,254247.333333333,99.194,123491.333333333,51.7666666666667,1.24,-0.485935384615385,175.809347417068,19398.343,3382.703,4.56666666666667,105.270333333333,98.9322222222222,110.046444444444,1.20225806451613,1.84048387096774,145815
2017.25,2017-04-01,2397.97093563988,11.4263492063492,244.12,254770.666666667,99.823,124031.666666667,48.24,1.29333333333333,-0.534492307692308,136.067680836519,19506.949,3435.929,4.36666666666667,114.330549450549,115.426153846154,112.834395604396,0.963333333333333,1.35285714285714,146379
2017.5,2017-07-01,2467.17462642609,10.9442857142857,245.287,255356.666666667,100.05,124560.333333333,48.1633333333333,1.36333333333333,-0.569780769230769,131.872685344843,19660.766,3493.166,4.33333333333333,119.150760869565,88.7544565217392,142.338586956522,0.878730158730159,1.18746031746032,146899.333333333
2017.75,2017-10-01,2603.27731662327,10.3079365079365,247.238333333333,255941.333333333,100.678,124974,55.3666666666667,1.69666666666667,-0.603086923076923,125.832903998165,19882.352,3558.859,4.16666666666667,89.8909782608696,71.8642391304348,104.564347826087,0.677096774193548,1.14483870967742,147348.666666667
2018,2018-01-01,2733.47672259221,17.3547540983607,249.321666666667,256937,101.265,125591.333333333,62.8866666666667,2.16333333333333,-0.563016923076923,154.272884339958,20044.077,3612.936,4.03333333333333,89.796,65.1624444444445,109.577888888889,0.598032786885246,1.17639344262295,147998
2018.25,2018-04-01,2703.13124465943,15.3375,250.679,257456,101.762,126248.666666667,68.0333333333333,2.47333333333333,-0.545116153846154,145.238284869002,20150.476,3612.389,3.93333333333333,115.888571428571,71.0348351648351,149.465714285714,0.44359375,1.0459375,148707
2018.5,2018-07-01,2849.60143074157,12.8568253968254,251.686333333333,258066.333333333,102.206,126759.666666667,69.7566666666667,2.67333333333333,-0.580477692307692,137.383879870034,20276.154,3722.248,3.76666666666667,99.1264130434783,67.7194565217391,121.208043478261,0.257936507936508,0.849206349206349,149219
2018.75,2018-10-01,2698.92682756697,21.0536507936508,252.711,258703.333333333,102.529,127163,59.0766666666667,2.8,-0.501143076923077,175.877914493684,20304.874,3724.752,3.83333333333333,86.4028260869566,58.6470652173913,106.375217391304,0.238360655737705,0.684426229508197,149650.666666667
2019,2019-01-01,2721.00441854508,16.47,253.385666666667,258389.333333333,102.56,127605.666666667,54.8266666666667,2.48333333333333,-0.548227692307692,196.13564178726,20431.641,3755.53,3.86666666666667,88.2405555555556,60.2064444444445,109.461,0.167868852459016,0.214426229508197,150139.666666667
2019.25,2019-04-01,2882.32776460194,15.1830158730159,255.247333333333,258863.666666667,102.88,128089.333333333,59.7833333333333,2.12,-0.596176923076923,159.511966589706,20602.275,3790.049,3.63333333333333,95.9017582417583,57.6218681318682,122.062747252747,0.210952380952381,-0.0158730158730159,150684.333333333
2019.5,2019-07-01,2957.83640670777,15.96015625,256.089333333333,259431.666666667,103.175,128540.666666667,56.37,1.68666666666667,-0.549379230769231,225.636363103013,20843.322,3819.94,3.6,97.26,63.774347826087,121.706195652174,0.11203125,-0.228125,151157.333333333
2019.75,2019-10-01,3082.75561141968,13.98578125,257.888,260015.333333333,102.938,128939.333333333,56.9566666666667,1.59,-0.55564,173.498886394046,20985.448,3770.431,3.6,80.4823913043479,60.874347826087,94.5456521739131,0.200806451612903,0.184354838709677,151641
2020,2020-01-01,3055.86918394027,31.2245161290323,258.817666666667,259629.333333333,101.427,128917.666666667,45.7566666666667,1.1,-0.349743846153846,268.908562638055,20693.238,3673.842,3.83333333333333,99.9762637362638,68.6325274725275,126.47956043956,0.283548387096774,0.260967741935484,151739.333333333
2020.25,2020-04-01,2931.6855546255,34.4936507936508,256.292,260049,87.551,112140.333333333,27.8066666666667,0.193333333333333,-0.0795069230769231,401.716084188206,19056.617,3162.976,13,70.2817582417582,46.9962637362638,84.7069230769231,0.493968253968254,0.545396825396825,133711.666666667
2020.5,2020-07-01,3319.83407211304,25.80890625,259.221666666667,260557.666666667,94.767,118800.333333333,40.8933333333333,0.14,-0.483350769230769,314.65821425993,20548.793,3747.725,8.8,72.0495652173913,37.7642391304348,95.9332608695652,0.5096875,0.5371875,140614.666666667
2020.75,2020-10-01,3554.50109100342,25.62171875,261.091666666667,261080,96.832,120858,42.4533333333333,0.153333333333333,-0.546119230769231,319.997620567163,20771.691,3863.835,6.76666666666667,69.781847826087,44.6128260869565,88.1370652173913,0.714838709677419,0.771612903225806,142580
2021,2021-01-01,3865.70689917393,23.2024590163934,263.686333333333,260924,97.837,121727.333333333,57.79,0.133333333333333,-0.630284615384615,205.203760430274,21058.379,3840.228,6.23333333333333,75.041,47.7542222222222,95.3414444444445,1.20377049180328,1.28475409836066,143527
2021.25,2021-04-01,4183.6263640873,18,268.579666666667,261217,99.575,123216,66.09,0.173333333333333,-0.686456923076923,154.175881551465,21389.005,3777.719,5.93333333333333,82.8428571428571,54.4717582417583,104.697692307692,1.4165625,1.565625,145157
2021.5,2021-07-01,4421.58795166016,18.28734375,272.886333333333,261615.333333333,101.064,125161,70.6233333333333,0.226666666666667,-0.66025,170.222357034166,21571.421,3923.193,5.06666666666667,74.6292391304348,63.9178260869566,85.1147826086956,1.0990625,1.27515625,147239
2021.75,2021-10-01,4602.10889434814,19.27515625,278.719333333333,262024.333333333,102.579,127131.666666667,77.4466666666667,0.526666666666667,-0.591397857142857,171.408928076488,21960.388,4175.67,4.2,87.7944565217391,47.7314130434783,120.595,1.00161290322581,1.4791935483871,149185.333333333
2022,2022-01-01,4463.8554766255,25.3729032258065,284.844666666667,263323.333333333,103.303,128696,94.4533333333333,1.44333333333333,-0.477624166666667,174.988967525467,21903.85,4250.699,3.83333333333333,216.885,138.753222222222,296.050333333334,0.486612903225807,1.64177419354839,150742.333333333
