horizon,lower90,lower68,median,upper68,upper90,p,rho,alpha,application,information_set,info_set_label,shock
0,-9.11509279833704e-05,-1.84350576916264e-06,0.000108745353874267,0.000264434773588187,0.000387358498989004,0.032044375,0.0505897868442961,0.99,dralacbn,uncertainty,Uncertainty,one_sd
1,-0.000168934325260327,-4.28039207183523e-06,0.000222368813262451,0.000449996132621541,0.000612926978341145,0.032044375,0.0505897868442961,0.99,dralacbn,uncertainty,Uncertainty,one_sd
2,-0.000342974218271493,-0.000124611256283174,0.000164469198893914,0.000450888120654507,0.000657998072824798,0.032044375,0.0505897868442961,0.99,dralacbn,uncertainty,Uncertainty,one_sd
3,-0.000585042001699949,-0.000288488888473541,0.000103050581188702,0.00047806312120535,0.000744101197777144,0.032044375,0.0505897868442961,0.99,dralacbn,uncertainty,Uncertainty,one_sd
4,-0.00089595534515395,-0.000536445876962812,-2.98053684243422e-05,0.000435275211530265,0.000750862494012566,0.032044375,0.0505897868442961,0.99,dralacbn,uncertainty,Uncertainty,one_sd
5,-0.00117058116610529,-0.000705982930122695,-0.000105789196120693,0.000456692396695715,0.000835210362963368,0.032044375,0.0505897868442961,0.99,dralacbn,uncertainty,Uncertainty,one_sd
6,-0.00129376280647419,-0.00076214801907489,-9.73534375049903e-05,0.000554947133899993,0.00101403307688502,0.032044375,0.0505897868442961,0.99,dralacbn,uncertainty,Uncertainty,one_sd
7,-0.00143229309804523,-0.00084631706823302,-0.000115989882649463,0.000601792240843891,0.00113727028316016,0.032044375,0.0505897868442961,0.99,dralacbn,uncertainty,Uncertainty,one_sd
8,-0.0014706438225844,-0.000852406320445343,-8.01769922260474e-05,0.000682793097539807,0.00125690435303428,0.032044375,0.0505897868442961,0.99,dralacbn,uncertainty,Uncertainty,one_sd
9,-0.00146725160520977,-0.000822908520077884,-3.07986638006519e-05,0.00074748936332232,0.00136729320527996,0.032044375,0.0505897868442961,0.99,dralacbn,uncertainty,Uncertainty,one_sd
10,-0.00141511851701316,-0.000769978701991656,2.57732038431227e-05,0.000817440155654681,0.00148034119479366,0.032044375,0.0505897868442961,0.99,dralacbn,uncertainty,Uncertainty,one_sd
11,-0.00135576176349505,-0.00070054508437779,7.91237974200748e-05,0.000888945734240853,0.0015964395199907,0.032044375,0.0505897868442961,0.99,dralacbn,uncertainty,Uncertainty,one_sd
12,-0.00130754063838471,-0.000648446651362538,0.000128306694571752,0.000956705406050915,0.0016977640193659,0.032044375,0.0505897868442961,0.99,dralacbn,uncertainty,Uncertainty,one_sd
0,-0.000109205260070144,-2.21255806006737e-06,0.000128780860870793,0.000310868781332225,0.000453030158771263,0.032044375,0.0505897868442961,0.999,dralacbn,uncertainty,Uncertainty,one_sd
1,-0.000207003033631961,-5.18809794229966e-06,0.000264974286277342,0.000528147333775429,0.000709743573857698,0.032044375,0.0505897868442961,0.999,dralacbn,uncertainty,Uncertainty,one_sd
2,-0.000425897746131504,-0.000152560213191214,0.000197408293131897,0.000533034866531149,0.000771246780762149,0.032044375,0.0505897868442961,0.999,dralacbn,uncertainty,Uncertainty,one_sd
3,-0.000739566180285155,-0.000359606939600904,0.000126661346245865,0.000574166055780144,0.000882443942618632,0.032044375,0.0505897868442961,0.999,dralacbn,uncertainty,Uncertainty,one_sd
4,-0.00116554397266777,-0.000689777746681639,-3.72156015289987e-05,0.000535570891071523,0.000909356451076194,0.032044375,0.0505897868442961,0.999,dralacbn,uncertainty,Uncertainty,one_sd
5,-0.0015513124633478,-0.000921269392662001,-0.000134953344038111,0.000569841120399458,0.00102656411342956,0.032044375,0.0505897868442961,0.999,dralacbn,uncertainty,Uncertainty,one_sd
6,-0.00173786609962563,-0.00100497374390311,-0.000124005132857817,0.000699034726455276,0.00125528559564667,0.032044375,0.0505897868442961,0.999,dralacbn,uncertainty,Uncertainty,one_sd
7,-0.00193626841651297,-0.00112133621473636,-0.000149745105042721,0.000762775595274945,0.00142759648651852,0.032044375,0.0505897868442961,0.999,dralacbn,uncertainty,Uncertainty,one_sd
8,-0.00199886922760573,-0.00113496248242179,-0.000102801544524595,0.000867143304445238,0.00158543410576425,0.032044375,0.0505897868442961,0.999,dralacbn,uncertainty,Uncertainty,one_sd
9,-0.00199681662405701,-0.00110116708733674,-4.00781964773542e-05,0.000951063705299669,0.00172287897073461,0.032044375,0.0505897868442961,0.999,dralacbn,uncertainty,Uncertainty,one_sd
10,-0.00191641157737261,-0.00102765552726572,3.37530220770703e-05,0.00104491740906944,0.00187995280233023,0.032044375,0.0505897868442961,0.999,dralacbn,uncertainty,Uncertainty,one_sd
11,-0.00185068131369023,-0.000940832111160059,0.000103014222331058,0.00114208893399558,0.00203164131263917,0.032044375,0.0505897868442961,0.999,dralacbn,uncertainty,Uncertainty,one_sd
12,-0.00178526254586141,-0.000869468029254079,0.0001690670436564,0.001228582658925,0.0021723596047362,0.032044375,0.0505897868442961,0.999,dralacbn,uncertainty,Uncertainty,one_sd
0,-0.000342134128683395,-7.02939362858173e-06,0.000423222073358903,0.00105981347616217,0.00158588838239275,0.032044375,0.0505897868442961,0.99,dralacbn,uncertainty,Uncertainty,2001Q3
1,-0.000627142435382765,-1.63120247266352e-05,0.000884014047852356,0.00187797218361261,0.00264715691597866,0.032044375,0.0505897868442961,0.99,dralacbn,uncertainty,Uncertainty,2001Q3
2,-0.00123835930678573,-0.000465278083983079,0.000647067300417723,0.00186630446190875,0.00284183600790629,0.032044375,0.0505897868442961,0.99,dralacbn,uncertainty,Uncertainty,2001Q3
3,-0.00205425621715507,-0.00105516191730754,0.000399012915494389,0.00196881805021543,0.00321090481798636,0.032044375,0.0505897868442961,0.99,dralacbn,uncertainty,Uncertainty,2001Q3
4,-0.00304530476500514,-0.00189841582046675,-0.000113212041068504,0.00176828479550371,0.00322065847311433,0.032044375,0.0505897868442961,0.99,dralacbn,uncertainty,Uncertainty,2001Q3
5,-0.00390910862778202,-0.00247290247131155,-0.000397812800269553,0.00185567251075264,0.00359329502492799,0.032044375,0.0505897868442961,0.99,dralacbn,uncertainty,Uncertainty,2001Q3
6,-0.00435790739158413,-0.00266911339150443,-0.000366269010789067,0.00226669525771769,0.00438570740615193,0.032044375,0.0505897868442961,0.99,dralacbn,uncertainty,Uncertainty,2001Q3
7,-0.00477065674521627,-0.00295113369747684,-0.00043610384850646,0.00246532624332029,0.00488492407095314,0.032044375,0.0505897868442961,0.99,dralacbn,uncertainty,Uncertainty,2001Q3
8,-0.00494895582306166,-0.00299464582931014,-0.00030317508764648,0.00279932154531983,0.00543257624350774,0.032044375,0.0505897868442961,0.99,dralacbn,uncertainty,Uncertainty,2001Q3
9,-0.00499415905461067,-0.00291678902975839,-0.000117023453716473,0.00306821844358507,0.00592985648986046,0.032044375,0.0505897868442961,0.99,dralacbn,uncertainty,Uncertainty,2001Q3
10,-0.004817555687947,-0.00274205046126245,9.85001314590568e-05,0.0033804591149793,0.00641525918544326,0.032044375,0.0505897868442961,0.99,dralacbn,uncertainty,Uncertainty,2001Q3
11,-0.00468510483644573,-0.00251668824516342,0.000304201785443676,0.00367896700859559,0.00692031847384652,0.032044375,0.0505897868442961,0.99,dralacbn,uncertainty,Uncertainty,2001Q3
12,-0.00452038567546441,-0.00234251481888411,0.000496401447187543,0.00397126341880198,0.00738432950761936,0.032044375,0.0505897868442961,0.99,dralacbn,uncertainty,Uncertainty,2001Q3
0,-0.000408178704854865,-8.43598199672749e-06,0.000503517563814837,0.0012593988314857,0.00188626174622567,0.032044375,0.0505897868442961,0.999,dralacbn,uncertainty,Uncertainty,2001Q3
1,-0.000764187935536814,-1.97695151332046e-05,0.00106581998945504,0.00225756978225049,0.00317373311474129,0.032044375,0.0505897868442961,0.999,dralacbn,uncertainty,Uncertainty,2001Q3
2,-0.00152876595137872,-0.000567068410723042,0.000780991775076538,0.00225104249584252,0.00342138945241167,0.032044375,0.0505897868442961,0.999,dralacbn,uncertainty,Uncertainty,2001Q3
3,-0.0025623448660703,-0.00130403368884013,0.000492695813413654,0.00241591808537414,0.00391617756234041,0.032044375,0.0505897868442961,0.999,dralacbn,uncertainty,Uncertainty,2001Q3
4,-0.00389348103051233,-0.00240576223616902,-0.000141190119552286,0.00221286257079002,0.00400539684738079,0.032044375,0.0505897868442961,0.999,dralacbn,uncertainty,Uncertainty,2001Q3
5,-0.0050730323691906,-0.00318033341662437,-0.000507142886257986,0.00234401436111353,0.00451860947053528,0.032044375,0.0505897868442961,0.999,dralacbn,uncertainty,Uncertainty,2001Q3
6,-0.0057216612836398,-0.00346420188908828,-0.00046554544431744,0.00288957073460237,0.00557936348857136,0.032044375,0.0505897868442961,0.999,dralacbn,uncertainty,Uncertainty,2001Q3
7,-0.00630587982772421,-0.00385691031368676,-0.00056225837899784,0.00315501305226401,0.0062841000506891,0.032044375,0.0505897868442961,0.999,dralacbn,uncertainty,Uncertainty,2001Q3
8,-0.00658523041477471,-0.0039135459335665,-0.000388465891060827,0.00362321407357563,0.00699181043397768,0.032044375,0.0505897868442961,0.999,dralacbn,uncertainty,Uncertainty,2001Q3
9,-0.00662631415224482,-0.00385806817064415,-0.00015227281781019,0.00396769796221577,0.00763773107680452,0.032044375,0.0505897868442961,0.999,dralacbn,uncertainty,Uncertainty,2001Q3
10,-0.00650078855138704,-0.0036122800303126,0.000129223615820601,0.00437441490922389,0.00834152786967775,0.032044375,0.0505897868442961,0.999,dralacbn,uncertainty,Uncertainty,2001Q3
11,-0.00629961312878178,-0.00333482517907042,0.000396502391742725,0.00479213882039923,0.00904643150059666,0.032044375,0.0505897868442961,0.999,dralacbn,uncertainty,Uncertainty,2001Q3
12,-0.00609452863748457,-0.00310801457761292,0.000654959932219475,0.00520408740827029,0.00965020892024791,0.032044375,0.0505897868442961,0.999,dralacbn,uncertainty,Uncertainty,2001Q3
