C_Date_quarter;C_epu;C_gs2;C_wti;C_vix;C_cpi;C_inv;C_privemp;C_gdp;C_pop16;C_sp500;C_NFCI;C_GPRD;C_GPRD_THREAT;C_GPRD_ACT;Date_quarter;sp500;vix;cpi;pop16;priv_emp;wti;gs2;nfci;epu;gdp;inv;GPRD;GPRD_ACT;GPRD_THREAT
1990 - Q3;137,14339;8,1;26,5;25,18;131,567;157,24;1216;9404,5;189353;335,4;0,00267;175;232,8;105,7;1990,5;335,8817454;18,72206349;131,5333333;189352,6667;91163,33333;26,49966667;8,1;0,080174615;130,5137681;10090,569;1279,695;78,34344444;70,98344444;77,64822222
1990 - Q4;140,29853;7,6;31,853;25,94;133,7;156,287;1184,7;9318,9;189866;317,05;0,38672;151,9;189,6;107,9;1990,75;316,5620332;25,19555556;133,7666667;189866,3333;90802;31,853;7,596666667;0,458306923;141,3947945;9998,704;1208,107;85,20164835;69,58659341;92,28978022
1991 - Q1;135,63258;7,03;21,781;22,69;134,8;155,11;1152;9275,3;190272;353,34;0,16146;289,1;249,3;380,5;1991;352,282951;26,11328125;134,7666667;190271,6667;90305,66667;21,78066667;7,033333333;0,177106154;139,4886975;9951,916;1167,908;176,6413043;107,5218478;234,3829348
1991 - Q2;99,64599;6,9;20,753;17,9;135,6;153,996;1155,5;9347,6;190656;378,65;-0,25454;91,4;98,7;79;1991,25;378,6659369;22,51583333;135,5666667;190655,6667;89796,33333;20,75266667;6,896666667;-0,239215385;87,02716714;10029,51;1167,904;152,3221739;108,5452174;189,9147826
1991 - Q3;103,72498;6,51;21,655;16,88;136,667;154,089;1156,9;9394,8;191121;385,61;-0,48855;115,5;144,1;82,3;1991,5;385,5598426;17,14703125;136,6;191121,3333;89738,66667;21,655;6,51;-0,477993077;102,3551784;10080,195;1191,028;270,6305556;347,779;238,731
1991 - Q4;122,59656;5,5;21,737;17,52;137,7;154,091;1161,9;9427,6;191651;387,1;-0,58585;101,8;126,1;71,4;1991,75;387,1160941;16,63421875;137,7333333;191650,6667;89710;21,73666667;5,5;-0,616255385;139,9147682;10115,329;1233,261;91,1567033;80,16868132;97,30296703
1992 - Q1;108,81448;5,29;18,91;16,92;138,667;153,846;1174,6;9540,4;192075;412;-0,64467;91,8;111,5;62;1992;411,971904;17,4553125;138,6666667;192074,6667;89651;18,91033333;5,286666667;-0,66879;122,5967379;10236,435;1210,478;112,8482609;81,79576087;140,5027174
1992 - Q2;102,26881;5,21;21,186;15,22;139,8;154,665;1213,2;9643,9;192507;410,16;-0,79648;86,2;103,4;60,2;1992,25;410,0615888;17,56428571;139,7333333;192506,6667;89872,33333;21,186;5,206666667;-0,823414615;96,9427326;10347,429;1278,935;100,5511957;70,56043478;125,2955435
1992 - Q3;121,28069;4,15;21,67;13,99;140,9;154,354;1227,1;9739,2;193024;417,15;-0,85280;77,2;90,9;55,8;1992,5;417,1190624;15,61634921;140,8;193024,3333;90043,66667;21,67033333;4,146666667;-0,908939231;127,8211808;10449,673;1289,101;90,31010989;62,26340659;108,5571429
1992 - Q4;121,38885;4,44;20,479;14,95;141,9;155,696;1263;9840,8;193616;423,66;-0,71330;80,9;92,8;62,8;1992,75;423,6876559;13,90203125;142,0333333;193615,6667;90458,66667;20,479;4,443333333;-0,75417;119,0921337;10558,648;1328,433;85,63175824;61,3121978;101,3779121
1993 - Q1;114,68358;4,15;19,825;13,3;143,1;156,724;1272,4;9857,2;194106;442,36;-0,89594;104,5;116,7;86,6;1993;442,7503209;14,76109375;143,0666667;194106;91044;19,825;4,146666667;-0,959569231;100,0793042;10576,275;1359,751;77,60358696;56,9551087;91,16706522
1993 - Q2;122,96509;3,99;19,76;13,31;144,2;158,102;1295,3;9914,6;194555;445,46;-0,94011;109,2;135,6;74,6;1993,25;445,5058725;13,25532258;144,1;194555,3333;91585;19,76;3,993333333;-0,998811538;114,612319;10637,847;1367,575;81,61326087;63,55576087;93,79956522
1993 - Q3;109,96385;3,97;17,796;12,16;144,767;159,37;1315,7;9961,9;195068;453,55;-1,03456;103,2;108,8;92,9;1993,5;453,5587482;12,9731746;144,7666667;195068;92191,33333;17,79633333;3,973333333;-1,083173846;112,7021532;10688,606;1358,287;104,2622222;87,269;116,1724444
1993 - Q4;82,18821;4,08;16,451;11,87;145,767;160,826;1368,5;10097,4;195621;464,25;-0,95809;89,7;110,8;55,6;1993,75;464,2718744;12,1171875;145,9666667;195621;92942,33333;16,45133333;4,08;-0,983471429;81,78400569;10833,987;1429,661;109,7330769;76,09483516;134,876044
1994 - Q1;87,20294;4,54;14,813;12,58;146,7;162,357;1384,7;10195,3;196085;469,46;-0,93520;98,1;113,3;73,7;1994;469,2134923;12,4215625;146,7;196085,3333;93713,66667;14,81333333;4,536666667;-0,947805;87,22177632;10939,116;1484,116;103,2025;92,72141304;108,3590217
1994 - Q2;96,44115;5,82;17,777;13,89;147,633;164,694;1412,7;10333,5;196522;450,99;-0,77120;106,7;129,2;74,2;1994,25;451,1685491;13,43619048;147,5333333;196522;94663;17,77666667;5,816666667;-0,736527692;96,10907542;11087,361;1557,107;90,4798913;57,56695652;111,0111957
1994 - Q3;89,60901;6,23;18,497;12,06;148,933;166,399;1424,4;10393,9;197050;460,87;-0,78086;98,9;123,2;64,5;1994,5;461,1207809;14,51258065;148,9;197050;95604,66667;18,49666667;6,233333333;-0,768273571;83,24094564;11152,176;1531,67;98,45455556;74,63433333;113,0271111
1994 - Q4;86,68976;7,16;17,657;15,04;149,633;167,755;1458,8;10513;197601;460;-0,57528;92,5;109,1;72,3;1994,75;460,0052379;12,51625;149,7666667;197600,6667;96466,33333;17,65666667;7,156666667;-0,532404615;83,71223036;11279,932;1594,684;107,0447253;75,65340659;128,5161538
1995 - Q1;90,79154;7,13;18,357;11,63;150,867;168,627;1489,6;10550,3;197882;480,11;-0,60353;79,8;78,9;75,8;1995;480,4657157;15,26873016;150,8666667;197882;97292;18,35666667;7,133333333;-0,570639231;103,1360389;11319,951;1611,428;100,0971739;66,95076087;123,4881522
1995 - Q2;73,4559;6,15;19,343;12,72;152,2;168,887;1488,6;10581,7;198296;523,69;-0,72826;97,2;104;87,9;1995,25;524,4428566;11,99238095;152,1;198295,6667;97702;19,34333333;6,153333333;-0,690260769;69,70686822;11353,721;1577,96;95,44130435;75,57315217;111,9044565
1995 - Q3;75,00901;5,86;17,853;13,22;152,867;170,094;1509,4;10671,7;198807;565,08;-0,72510;95,3;102,3;89,9;1995,5;564,796347;12,19031746;152,8666667;198807;98201,66667;17,85333333;5,856666667;-0,702492308;69,30728944;11450,31;1568,555;80,74688889;76,89133333;79,694
1995 - Q4;85,1687;5,5;18,157;13,16;153,6;170,695;1538,7;10744,2;199352;597,67;-0,75819;69,9;70,7;64,8;1995,75;597,1714284;12,47269841;153,7;199351,6667;98707,66667;18,15666667;5,5;-0,738936923;90,59208483;11528,067;1607,513;97,36967033;87,83472527;104,3927473
1996 - Q1;79,71675;5,27;19,77;16,49;155;171,051;1578;10824,7;199776;637,01;-0,79119;79,4;79,2;77,6;1996;636,4547642;12,89968254;155,0666667;199776;99193;19,77;5,266666667;-0,789621538;86,74335629;11614,418;1633,332;97,0025;92,06282609;103,5953261
1996 - Q2;73,26605;6,12;21,757;17,39;156,533;172,671;1627;11005,2;200279;658,97;-0,73560;73,1;67,7;76,3;1996,25;658,8520605;15,39825397;156,4;200279,3333;99950,66667;21,75666667;6,12;-0,708656154;71,74453556;11808,14;1711,813;69,93673913;64,70782609;70,78163043
1996 - Q3;78,41491;6,18;22,423;17,7;157,367;174,074;1663,9;11103,9;200850;660,54;-0,75525;83,5;81,2;87,9;1996,5;660,09797;16,36825397;157,3;200849,6667;100666,3333;22,42333333;6,176666667;-0,733312308;79,10728585;11914,063;1789,565;91,77043956;90,36153846;91,09197802
1996 - Q4;69,45959;5,8;24,667;18,22;158,5;175,621;1690,5;11219,2;201457;726,79;-0,76910;62,6;65;55,6;1996,75;725,8607817;16,7784375;158,6666667;201457,3333;101355;24,66666667;5,796666667;-0,760825385;65,73826201;12037,775;1787,19;84,91230769;88,05659341;78,98714286
1997 - Q1;79,22597;6,04;22,79;21,66;159,567;177,049;1722,1;11291,7;202396;785,59;-0,72097;54,4;54,7;52,9;1997;784,7406576;17,20625;159,6333333;202395,6667;102074,3333;22,79;6,043333333;-0,71948;79,32811645;12115,472;1823,255;94,83923913;98,50532609;93,43565217
1997 - Q2;75,79847;6,27;19,907;22,06;160,2;178,384;1754,9;11479,3;202835;824,44;-0,67800;51,8;50,9;49,8;1997,25;823,4898462;19,9165;160;202835,3333;102933,3333;19,90666667;6,273333333;-0,643956923;77,15066124;12317,221;1935,157;67,9201087;60,91413043;69,99467391
1997 - Q3;66,2881;5,9;19,783;24,66;160,833;179,908;1817,1;11622,9;203367;930,02;-0,68518;46,3;45,1;44,6;1997,5;929,9443741;19,92296875;160,8;203366,6667;103597,6667;19,78333333;5,903333333;-0,650788462;63,34517624;12471,01;1962,053;53,88455556;52,86977778;54,18855556
1997 - Q4;83,59684;5,73;19,917;27,88;161,467;181,295;1830,5;11722,7;203935;950,82;-0,56189;51,1;62;34,4;1997,75;951,3790636;22,445;161,6666667;203935,3333;104478;19,91666667;5,733333333;-0,516756154;94,20396364;12577,495;1990,86;51,89076923;50,02340659;50,79802198
1998 - Q1;86,0828;5,45;15,93;21,8;161,9;182,549;1884,6;11839,9;204395;1021,31;-0,63700;62,6;75,7;44,1;1998;1023,090005;27,09238095;162;204395;105213,3333;15,93;5,446666667;-0,609929231;97,48361462;12703,742;2078,205;46,19782609;44,62163043;44,72858696
1998 - Q2;75,11387;5,56;14,653;22;162,767;183,498;1948,6;11949,5;204905;1109,67;-0,62707;73,9;94,5;43,5;1998,25;1109,667139;21,32459016;162,5333333;204905;105932,6667;14,65333333;5,556666667;-0,590367692;78,49071934;12821,339;2065,336;51,14217391;34,93326087;61,40554348
1998 - Q3;104,51552;5,13;14,13;30,33;163,4;183,967;1986;12099,2;205483;1083,95;-0,43192;71,2;72,2;72,4;1998,5;1085,080779;21,53428571;163,3666667;205482,6667;106542,3333;14,13;5,133333333;-0,38163;133,6409409;12982,752;2118,989;62,17944444;44,95211111;74,38233333
1998 - Q4;98,07795;4,38;12,84;29,32;163,967;186,107;2041,1;12294,7;206098;1122,32;-0,10182;66,1;77,4;50,6;1998,75;1121,627028;29,75171875;164,1333333;206097,6667;107214;12,84;4,38;-0,075842308;123,1409879;13191,67;2183,382;73,48659341;43,74252747;93,48428571
1999 - Q1;82,34305;4,85;13,047;28,35;164,6;186,562;2076,9;12410,8;206876;1259;-0,34289;68,6;75,5;57,7;1999;1260,492626;29,5371875;164,7333333;206876;107885;13,04666667;4,85;-0,315813846;95,11556352;13315,597;2243,548;70,8376087;72,1998913;71,57217391
1999 - Q2;69,21087;5,28;17,66;25,4;166,2;187,343;2126,3;12514,4;207432;1329,79;-0,43466;90,3;92,6;89,2;1999,25;1329,643338;27,25278689;165,9666667;207431,6667;108585;17,66;5,283333333;-0,404613077;69,82999006;13426,748;2244,682;65,87695652;51,48684783;76,68630435
1999 - Q3;73,06084;5,63;21,737;23,98;167,233;188,647;2175,8;12680;208044;1342,22;-0,23724;64,9;69,2;58,1;1999,5;1341,986725;24,39555556;167,2;208043,6667;109215,6667;21,73666667;5,63;-0,19098;80,35120897;13604,771;2306,47;68,95333333;58,53333333;75,76888889
1999 - Q4;76,19495;5,94;24,563;23,61;168,267;189,825;2187,2;12888,3;208660;1373,23;-0,20801;72,1;78,4;66,4;1999,75;1374,098751;23,320625;168,4333333;208660,3333;109978,3333;24,56333333;5,94;-0,138344286;73,65889712;13827,98;2367,988;89,89417582;89,85043956;91,30164835
2000 - Q1;81,45041;6,53;28,807;25,06;169,933;190,818;2249,8;12935,3;211586;1418,89;-0,23218;59,4;59,4;57,7;2000;1420,001426;22,65828125;170,1;211586;110611;28,80666667;6,526666667;-0,176049231;78,55083933;13878,147;2351,223;65,30293478;58,73326087;69,20086957
2000 - Q2;89,00349;6,56;28,783;27,86;171,733;191,264;2299,5;13170,7;212242;1447,27;-0,08094;64,3;68;59,1;2000,25;1446,593649;23,15031746;171,4333333;212242;111071,3333;28,78333333;6,563333333;-0,004589231;99,44239317;14130,908;2490,501;73,35923913;68,87543478;78,72076087
2000 - Q3;73,72332;6,22;31,623;21,83;173,1;191,676;2309,5;13183,9;212919;1475,5;-0,19055;50,4;57;39,3;2000,5;1475,978888;24,92396825;173;212918,6667;111453,6667;31,62333333;6,216666667;-0,152286923;73,03860052;14145,312;2466,375;60,03967033;58,94747253;59,6289011
2000 - Q4;108,33266;5,71;31,98;29,17;174,033;191,473;2316,5;13262,3;213560;1365,37;-0,15594;55,6;57,6;56,3;2000,75;1366,310312;19,16904762;174,2333333;213560,3333;111772,3333;31,98;5,713333333;-0,124842308;135,1819931;14229,765;2471,534;64,65351648;59,09604396;68,76307692
2001 - Q1;112,78695;4,59;28,81;28,79;175,7;191,012;2303;13219,3;214101;1275,74;-0,24117;54,6;61,4;46,9;2001;1273,329039;26,01666667;175,9;214101;111852;28,81;4,586666667;-0,237588462;136,2046457;14183,12;2358,969;50,4425;39,81434783;56,80728261
2001 - Q2;103,16423;4,19;27,883;27,22;177,533;189,25;2276;13301,4;214736;1232,97;-0,38112;61;64,5;56,1;2001,25;1234,250314;25,72645161;177,1333333;214735,6667;111335,6667;27,88333333;4,19;-0,388302308;119,8851637;14271,694;2362,652;55,54184783;55,5025;57,27717391
2001 - Q3;124,82682;3,64;26,6;29,21;177,767;187,62;2259,7;13248,1;215422;1142,53;-0,41425;207,9;127;322,9;2001,5;1153,706613;23,92380952;177,6333333;215421,6667;110770;26,6;3,64;-0,448990769;162,8196765;14214,516;2311,409;55,09455556;47,606;61,58733333
2001 - Q4;140,31853;2,87;20,403;29,06;177,267;185,687;2208,1;13284,9;216112;1117,07;-0,33680;351,8;179,1;581,9;2001,75;1115,367661;25,38033898;177,5;216111,6667;109874,3333;20,40333333;2,873333333;-0,379410769;189,8306694;14253,574;2196,554;59,97340659;55,44318681;63,37
2002 - Q1;95,95953;3,2;21,61;23,13;177,9;184,93;2189,1;13394,9;216664;1131,56;-0,43005;156,9;100,6;231,7;2002;1132,214834;27,91;178,0666667;216664;109373;21,61;3,203333333;-0,479113846;116,8573843;14372,785;2262,071;186,5591209;99,18103896;121,6853261
2002 - Q2;89,49173;3,22;26,27;24,35;179,833;185,103;2186,7;13477,4;217204;1068,45;-0,56471;156,7;123,6;208,1;2002,25;1070,150002;21,36083333;179,4666667;217203,6667;109138;26,27;3,223333333;-0,592146154;105,3182123;14460,848;2298,939;344,3363043;512,1733735;173,9155435
2002 - Q3;116,78771;2,23;28,33;39,14;180,6;184,568;2183,5;13531,7;217868;894,65;-0,38580;141,6;123,5;171,5;2002,5;895,4885969;21,643125;180,4333333;217867,6667;108996,3333;28,33;2,23;-0,421854615;141,8761301;14519,633;2295,983;154,9308889;229,4402222;98,44733333
2002 - Q4;119,13067;1,89;28,18;35,08;181,167;184,453;2174,3;13549,4;218543;887,91;-0,38054;169;168,3;183,9;2002,75;886,528285;35,0684375;181,5;218543;108990;28,18;1,89;-0,430050769;150,5354449;14537,58;2293,746;153,7592308;203,3784615;121,9717582
2003 - Q1;143,06831;1,65;34,12;34,13;183;183,361;2194;13619,4;220109;860,03;-0,46246;268,3;301,7;273,1;2003;860,7601639;30,72671875;183,3666667;220109,3333;108796,3333;34,12;1,646666667;-0,539653846;190,666199;14614,141;2312,465;138,5363043;168,0223913;120,1094565
2003 - Q2;111,35822;1,42;29,037;24,01;183,667;182,898;2246,8;13741,1;220774;938;-0,65461;187,9;164,6;231,8;2003,25;937,9946018;30,02262295;183,0666667;220774;108595;29,03666667;1,423333333;-0,699689231;136,5284131;14743,567;2327,492;166,5801087;181,9282609;165,7331522
2003 - Q3;97,84303;1,68;30,213;20,91;184,567;182,885;2319,7;13970,2;221513;1000,5;-0,65437;130,4;105,9;163,7;2003,5;1000,380469;21,53126984;184,4333333;221512,6667;108632,3333;30,21333333;1,68;-0,69863;101,6721279;14988,782;2411,638;264,4807778;268,7324444;296,2803333
2003 - Q4;88,23301;1,86;31,19;17,8;184,6;183,553;2361,9;14131,4;222276;1056,42;-0,68721;118,6;97,9;149,4;2003,75;1056,452501;19,32015625;185,1333333;222275,6667;108957;31,19;1,863333333;-0,720428462;82,54189211;15162,76;2493,928;185,7963736;228,592967;162,883956
2004 - Q1;97,60441;1,69;35,257;16,49;186,267;184,665;2355,4;14212,3;222356;1133,29;-0,77125;122,4;106,7;146,3;2004;1132,671286;17,4271875;186,7;222356;109346,3333;35,25666667;1,693333333;-0,798616154;87,1699923;15248,68;2498,14;130,1468478;164,1280435;104,5405435
2004 - Q2;90,59415;2,45;38,33;16,31;188,933;185,085;2419,8;14323;222973;1122,87;-0,73417;136;106,6;181,1;2004,25;1123,196456;16,65806452;188,1666667;222973,3333;110024,6667;38,33;2,453333333;-0,733184615;87,40314916;15366,85;2597,507;118,9473913;149,4931522;99,20391304
2004 - Q3;91,16065;2,56;43,86;15,38;189,6;185,87;2471,2;14457,8;223680;1104,15;-0,69614;141,8;126,3;175,2;2004,5;1103,908279;16,21126984;189,3666667;223680;110339;43,86;2,56;-0,704095385;93,97198641;15512,619;2638,672;122,1643956;146,8723077;106,2764835
2004 - Q4;92,84413;2,81;48,307;14,08;190,733;186,72;2516,3;14605,6;224418;1162,07;-0,71797;117,5;93,7;148,4;2004,75;1162,652033;15,4421875;191,4;224418;110841;48,30666667;2,813333333;-0,713303571;93,85669915;15670,88;2693,575;135,6969231;180,3038462;106,4894505
2005 - Q1;63,4755;3,44;49,707;12,65;191,933;187,121;2560,4;14767,8;225038;1191,98;-0,71245;100,1;90,1;108,4;2005;1191,947868;13,65140625;192,3666667;225038;111249;49,70666667;3,443333333;-0,7041725;55,91288511;15844,727;2769,261;140,9782609;174,9147826;125,3426087
2005 - Q2;73,21181;3,64;53,043;12,83;194,5;188,26;2603,8;14839,7;225674;1181,65;-0,64820;88,8;77,4;100,4;2005,25;1181,974056;12,78704918;193,6666667;225674;111952,3333;53,04333333;3,643333333;-0,616901538;78,49740931;15922,782;2733,225;116,4794565;147,8113043;91,68173913
2005 - Q3;74,83946;3,95;63,08;11,48;196,867;189,417;2649,3;14956,3;226422;1224,14;-0,62971;128,6;96,4;170,4;2005,5;1224,174377;13,40734375;196,6;226422,3333;112597,3333;63,08;3,953333333;-0,602065;79,10887862;16047,587;2769,106;99,49822222;107,4081111;89,81977778
2005 - Q4;75,4762;4,36;60,033;12,37;197,867;190,655;2661,2;15041,2;227196;1230,47;-0,61181;88,6;71,1;110,8;2005,75;1230,468254;12,25078125;198,4333333;227196;113077,6667;60,03333333;4,363333333;-0,578865385;69,97486946;16136,734;2857,35;89,26791209;101,0307692;77,90527473
2006 - Q1;72,03256;4,6;63,347;11,59;198,933;192,013;2711,2;15244,1;227764;1283,04;-0,63642;94,4;88,9;100;2006;1283,655002;12,78174603;199,4666667;227763,6667;113855;63,34666667;4,6;-0,618553077;66,52635201;16353,835;2899,229;128,743587;170,8601087;96,57336957
2006 - Q2;76,69737;4,99;70,53;13,51;202,3;192,706;2696,6;15281,5;228433;1281,77;-0,63987;92,3;86,8;96,9;2006,25;1280,811744;12,04241935;201,2666667;228432,6667;114341,6667;70,53;4,993333333;-0,587985385;77,34926841;16396,151;2882,564;88,34956522;110,5242391;71,15847826
2006 - Q3;73,46661;4,93;70,443;12,83;203,433;193,495;2679,3;15304,5;229166;1288,4;-0,61809;132;128,7;138,7;2006,5;1288,317307;14,52873016;203,1666667;229166,3333;114661,6667;70,44333333;4,93;-0,583044615;72,58029927;16420,738;2871,589;93,95455556;99,27844444;88,67266667
2006 - Q4;63,11824;4,74;60,093;10,59;201,7;193,967;2660,3;15433,6;229896;1389,48;-0,65868;97,5;102,8;88,3;2006,75;1388,635393;13,60793651;202,3333333;229896;114972,3333;60,09333333;4,736666667;-0,627336923;52,08922689;16561,866;2818,228;91,92934066;95,81208791;86,72758242
2007 - Q1;68,70319;4,77;58,13;12,16;203,756;194,446;2658,1;15479;230839;1425,3;-0,69012;93,8;93,3;90,8;2007;1424,381312;11,03492063;204,317;230839,3333;115479;58,13;4,766666667;-0,655382308;65,96663918;16611,69;2800,037;133,0592391;141,3528261;128,9693478
2007 - Q2;70,16004;4,81;64,97;13,37;207,662;195,319;2670,6;15577,8;231482;1496,43;-0,62293;89,1;79,5;98,9;2007,25;1497,176188;12,56360656;206,631;231482;115777,3333;64,97;4,806666667;-0,565985385;66,57931549;16713,314;2827,01;97,45206522;88,10043478;102,6893478
2007 - Q3;83,05747;4,38;75,5;21,52;208,235;195,211;2655,4;15671,6;232210;1490,81;-0,09520;96,7;90,4;106,5;2007,5;1489,463495;13,73190476;207,939;232210;115827,3333;75,5;4,38;-0,063334615;81,56090091;16809,587;2794,526;92,79244444;89,51822222;92,74833333
2007 - Q4;100,14648;3,48;90,85;22,87;209,716;195,133;2629,9;15767,1;232937;1494,09;0,24857;95,4;99,3;87,7;2007,75;1495,745466;21,58920635;210,4896667;232936,6667;115952;90,85;3,476666667;0,269246923;104,7323794;16915,191;2762,518;88,74142857;98,50362637;79,67494505
2008 - Q1;121,60059;2,02;97,953;28,05;212,1;195,008;2589,1;15702,9;232807;1350,19;0,57540;80;73,7;84,7;2008;1350,661475;22,02984375;212,7696667;232806,6667;115909;97,95333333;2,023333333;0,646202308;133,2771731;16843,003;2686,998;96,6498913;106,6934783;90,56771739
2008 - Q2;97,01257;2,42;123,963;21,5;216,757;194;2567,9;15792,8;233410;1371,65;0,54337;77,3;76,3;75;2008,25;1371,627504;26,12016393;215,5376667;233410;115379;123,9633333;2,423333333;0,624596154;92,00267204;16943,291;2641,85;94,97;87,21576087;98,87967391
2008 - Q3;131,13335;2,36;117,983;27,04;219,278;192,187;2503;15709,6;234110;1251,94;0,83257;88,9;80,7;95,9;2008,5;1252,024683;20,67296875;218,861;234110,3333;114599,6667;117,9833333;2,356666667;0,926006154;144,8125589;16854,295;2589,254;80,17615385;84,62274725;74,09186813
2008 - Q4;161,58484;1,21;58,37;61,97;213,075;188,675;2337,8;15366,6;234825;909,8;2,55615;78,5;68,4;93,2;2008,75;911,9773455;25,0734375;213,8486667;234825;113006;58,37;1,213333333;2,748573846;187,438113;16485,35;2338,938;77,20065934;75,27714286;76,02461538
2009 - Q1;175,32121;0,91;42,96;45,26;212,015;183,933;2151,9;15187,5;234913;809,31;1,95016;75,2;73,4;76,4;2009;807,6659006;58,6046875;212,3776667;234912,6667;110724;42,96;0,906666667;2,153373077;185,1190055;16298,262;2073,135;89,05391304;95,95673913;80,7675
2009 - Q2;133,86515;1,01;59,543;32,98;214,263;179,863;2073,9;15161,8;235459;892,23;1,05578;85,5;84;83,7;2009,25;892,6014278;45;213,507;235459,3333;108808,6667;59,54333333;1,013333333;1,11168;115,4481681;16269,145;1952,641;79,39891304;93,28119565;69,69826087
2009 - Q3;141,42554;1,03;68,203;24,7;215,718;178,129;2081,6;15216,6;236093;996,7;0,32733;83,2;81,4;78,6;2009,5;995,7482805;33,01571429;215,344;236093;107957,3333;68,20333333;1,033333333;0,336403846;104,8463609;16326,281;1946,867;75,40455556;76,26111111;74,31055556
2009 - Q4;125,1713;0,87;76,067;21,89;216,152;177,994;2092;15379,2;236739;1088,7;-0,00148;88,5;84;90,4;2009,75;1088,72328;25,48625;217,03;236739;107463;76,06666667;0,873333333;-0,025241538;98,13903864;16502,754;2128,516;86,1856044;83,58571429;85,49351648
2010 - Q1;139,87598;0,92;78,627;19,41;217,02;178,195;2091;15456,1;236996;1121,6;-0,23115;82,1;79,1;83,7;2010;1123,593602;23,071875;217,374;236996,3333;107295,6667;78,62666667;0,916666667;-0,258143077;126,0909742;16582,71;2174,335;81,89195652;76,82782609;80,72706522
2010 - Q2;142,91665;0,87;77,89;25,04;218,051;179,724;2167,1;15605,6;237506;1135,25;-0,22470;91,4;96,7;79,4;2010,25;1134,58444;20,14967213;217,2973333;237506;107655,6667;77,89;0,87;-0,235156154;133,7325534;16743,162;2288,469;89,16728261;90,82195652;85,21228261
2010 - Q3;169,82342;0,54;76,167;23,5;218,254;181,028;2178,7;15726,3;238104;1096,39;-0,23373;77,2;72;79,8;2010,5;1096,246875;26,39142857;217,9343333;238103,6667;107979;76,16666667;0,54;-0,252416154;170,3055561;16872,266;2390,072;82,66411111;83,75455556;80,49477778
2010 - Q4;169,32278;0,48;85,027;18,62;218,898;181,769;2220;15808;238711;1204;-0,39931;86;87,1;83,7;2010,75;1204,585621;24,28359375;219,699;238711,3333;108450;85,02666667;0,483333333;-0,451439286;160,4534513;16960,864;2383,297;90,66395604;77,54681319;97,11098901
2011 - Q1;154,01124;0,69;93,98;17,11;221,666;182,182;2216,2;15769,9;238852;1302,74;-0,50784;102,1;97,9;107,3;2011;1302,529027;19,3184375;222,0436667;238851,6667;108836,6667;93,98;0,693333333;-0,57866;123,2989746;16920,632;2338,901;77,67293478;79,05793478;73,43641304
2011 - Q2;147,25886;0,57;102,553;16,81;225,531;184,062;2268;15876,8;239316;1319,04;-0,50525;93,6;79,9;111,3;2011,25;1318,332859;18,61483871;224,5683333;239316;109585;102,5533333;0,566666667;-0,574375385;116,1445489;17035,114;2434,538;86,25065217;83,19456522;87,89706522
2011 - Q3;215,89095;0,28;89,71;30,15;226,452;185,249;2363,3;15870,7;239871;1228,12;-0,17636;83,1;64,4;103,3;2011,5;1225,268442;17,48238095;226,0326667;239871;110137,6667;89,71;0,283333333;-0,260807857;235,0839958;17031,313;2445,296;101,6962222;106,8242222;98,08511111
2011 - Q4;171,82565;0,26;94,063;29,49;226,108;186,455;2423,7;16048,7;240431;1225,65;0,00006;81,6;82,9;80;2011,75;1225,651268;30,58359375;227,0473333;240431,3333;110736;94,06333333;0,263333333;-0,099529231;154,8808074;17222,583;2633,829;93,35098901;109,8231868;80,9878022
2012 - Q1;155,15891;0,29;102,893;16,86;227,907;187,778;2499,4;16180;242436;1347,44;-0,27728;86,9;95,2;75,5;2012;1348,783715;29,93952381;228,326;242436;111555;102,8933333;0,286666667;-0,372805385;124,2005221;17367,01;2692,179;82,60141304;101,6529348;64,69706522
2012 - Q2;163,25641;0,29;93,48;19,49;229,793;188,283;2549,8;16253,7;242968;1350,39;-0,24994;84;84,3;79,4;2012,25;1349,678566;18,20403226;228,808;242968,3333;111999,3333;93,48;0,29;-0,323471538;143,4368337;17444,525;2752,614;81,05445652;79,82945652;81,74326087
2012 - Q3;170,83673;0,26;92,27;15,41;230,297;188,861;2553,6;16282,2;243564;1402,21;-0,34413;75,7;72,9;78,3;2012,5;1400,945716;20,03571429;229,841;243564;112419,3333;92,27;0,26;-0,429832308;168,6220097;17469,65;2759,86;85,69791209;75,22263736;93,54703297
2012 - Q4;182,08677;0,27;88,16;16,66;230,38;189,542;2599,4;16300;244169;1418,21;-0,48934;79,3;72;86,7;2012,75;1418,13903;16,19269841;231,3693333;244169;112964,6667;88,16;0,27;-0,566481538;195,6483377;17489,852;2736,423;84,47131868;79,6132967;84,97285714
2013 - Q1;132,37608;0,27;94,323;13,01;231,74;190,995;2643,9;16441,5;244829;1514,51;-0,56998;82,7;81,2;88;2013;1513,979997;16,75290323;232,2993333;244828,6667;113623,6667;94,35333333;0,266666667;-0,654136923;158,0124391;17662,4;2845,38;75,08217391;77,5875;72,13358696
2013 - Q2;112,54372;0,27;94,223;14,44;232,993;191,733;2665,3;16464,4;245363;1609,77;-0,63148;87,3;84,6;90,8;2013,25;1609,491251;13,527;232,045;245363,3333;114224,6667;94,22333333;0,27;-0,692166923;123,6981681;17709,671;2882,489;78,87782609;86,53108696;70,85347826
2013 - Q3;113,73746;0,37;105,85;13,93;233,874;192,618;2711,3;16594,7;245961;1675,31;-0,60606;88,5;84,2;93,3;2013,5;1674,943592;14,83703125;233,3;245961;114792,3333;105,8233333;0,366666667;-0,669318462;126,6952016;17860,45;2998,991;82,627;89,18722222;80,72744444
2013 - Q4;121,8435;0,33;97,36;13,09;233,221;193,497;2748;16712,8;246564;1770,45;-0,71608;73,7;76;66;2013,75;1768,667347;14,2796875;234,1626667;246564,3333;115412,3333;97,34333333;0,326666667;-0,755342308;143,4364059;18016,147;3027,805;86,56824176;88,33351648;84,76186813
2014 - Q1;91,98456;0,37;98,747;13,61;234,997;194,279;2775,6;16654,2;247086;1834,3;-0,73696;88,9;98,5;72,1;2014;1834,871148;14,2328125;235,621;247086;115928,6667;98,74666667;0,373333333;-0,780061538;100,6977197;17953,974;2998,148;87,89195652;92,30804348;83,87163043
2014 - Q2;87,50596;0,42;103,347;11,85;237,772;196,192;2852,8;16868,1;247625;1900,37;-0,74905;91,8;100,1;81,4;2014,25;1900,372696;14,82885246;236,8723333;247625;116692,6667;103,3466667;0,42;-0,786600769;94,99231377;18185,911;3121,321;73,48478261;67,21195652;75,01195652
2014 - Q3;77,41466;0,52;97,78;11,65;238,044;197,392;2907,3;17064,6;248233;1975,95;-0,71394;135,6;154,9;117,1;2014,5;1975,908121;12,73825397;237,4783333;248232,6667;117417,3333;97,78;0,516666667;-0,732152308;76,19997511;18406,941;3193,152;90,11433333;74,85811111;98,49033333
2014 - Q4;91,31806;0,54;73,16;14,69;236,132;199,019;2941,2;17141,2;248843;2012,04;-0,62594;84,9;85,4;83,3;2014,75;2009,344376;13,07265625;236,8883333;248842,6667;118151,6667;73,16;0,54;-0,639479231;97,97861796;18500,031;3203,351;91,29;80,85175824;100,1594505
2015 - Q1;107,56617;0,6;48,64;16,11;234,849;199,592;2949,5;17280,6;249901;2063,46;-0,51680;109,4;106,4;114,9;2015;2063,689835;16,07234375;235,355;249900,6667;118803,3333;48,54;0,603333333;-0,527036154;101,377554;18666,621;3314,895;133,073587;114,7846739;152,8704348
2015 - Q2;106,53851;0,61;57,857;14,07;237,681;200,25;2974,9;17380,9;250461;2102,03;-0,55234;88,1;89,6;85,6;2015,25;2101,829055;16,5647541;236,96;250461,3333;119470,3333;57,84666667;0,613333333;-0,547613846;107,24798;18782,243;3328,049;83,45445652;82,17576087;83,46663043
2015 - Q3;122,44514;0,69;46,42;19,58;238,305;201,475;2999,8;17437,1;251099;2026,14;-0,45865;96;107,4;79,8;2015,5;2027,200003;13,74015873;237,855;251099;120080,3333;46,41666667;0,693333333;-0,464936154;142,3903667;18857,418;3335,27;107,9627778;112,7085556;105,5391111
2015 - Q4;98,11235;0,83;42,023;17,1;237,233;202,822;2991,8;17462,6;251741;2053,17;-0,43089;130,3;102,7;175,7;2015,75;2052,311878;19,30734375;237,837;251741,3333;120743,3333;41,95;0,833333333;-0,435299231;100,7496937;18892,206;3315,334;86,28692308;83,94340659;87,66153846
2016 - Q1;112,61018;0,84;33,357;21,61;237,386;203,261;3009,2;17565,5;252581;1948,32;-0,30851;110,6;104,5;118,3;2016;1951,224914;17,03328125;237,6893333;252580,6667;121283;33,18333333;0,836666667;-0,326331538;144,5564263;19001,69;3301,09;94,40358696;80,75717391;104,2408696
2016 - Q2;109,64058;0,77;45,44;15,26;240,169;203,772;3025,5;17618,6;253180;2074,99;-0,36986;87,9;81,9;95,9;2016,25;2075,131407;20,48622951;239,5903333;253180;121779,3333;45,40666667;0,773333333;-0,37679;142,1972838;19062,709;3287,033;124,1515217;166,9566304;98,40445652
2016 - Q3;97,8675;0,73;44,89;12,37;240,968;204,912;3052,8;17724,5;253855;2161,36;-0,34942;106;91,7;129,3;2016,5;2162,05687;15,6759375;240,6073333;253855;122417,6667;44,85;0,726666667;-0,351827857;119,2291872;19197,938;3301,079;107,6291209;115,4454945;101,9258242
2016 - Q4;125,68257;1,01;49,2;14,04;241,505;205,384;3076,5;17812,6;254534;2184,88;-0,41789;90,3;84,9;99,4;2016,75;2184,878557;13,23390625;242,1346667;254534,3333;122927;49,13666667;1,006666667;-0,414464615;174,5300796;19304,352;3391,749;85,61054945;92,0478022;80,90186813
2017 - Q1;129,32573;1,24;51,833;10,65;243,414;206,064;3124,7;17896,6;254247;2323,95;-0,49387;105,3;109,9;98,7;2017;2325,9279;14,09793651;243,8386667;254247,3333;123491,3333;51,76666667;1,24;-0,485935385;175,8093474;19398,343;3382,703;104,7916304;128,795;89,86108696
2017 - Q2;108,16684;1,29;48,26;10,32;244,737;207,518;3154,2;17996,8;254771;2396,22;-0,53803;116,3;114,3;118,1;2017,25;2397,970936;11,69193548;244,12;254770,6667;124031,6667;48,24;1,293333333;-0,534492308;136,0676808;19506,949;3435,929;90,5298913;99,63891304;85,48456522
2017 - Q3;105,56087;1,36;48,163;9,22;245,708;208,236;3158,1;18126,2;255357;2467,72;-0,59104;119;142,6;88,2;2017,5;2467,174626;11,42634921;245,287;255356,6667;124560,3333;48,16333333;1,363333333;-0,569780769;131,8726853;19660,766;3493,166;105,2703333;98,93222222;110,0464444
2017 - Q4;102,7158;1,7;55,387;8,66;246,619;209,265;3220,3;18296,7;255941;2604,98;-0,63742;88,9;103;70,6;2017,75;2603,277317;10,94428571;247,2383333;255941,3333;124974;55,36666667;1,696666667;-0,603086923;125,832904;19882,352;3558,859;114,3305495;115,4261538;112,8343956
2018 - Q1;117,99777;2,16;62,877;16,18;248,804;210,287;3273,2;18436,3;256937;2732,58;-0,57512;89,6;109,8;64,1;2018;2733,476723;10,30793651;249,3216667;256937;125591,3333;62,88666667;2,163333333;-0,563016923;154,2728843;20044,077;3612,936;119,1507609;88,75445652;142,338587
2018 - Q2;113,92593;2,47;67,86;15,05;251,374;211,634;3321,2;18590;257456;2703,16;-0,53789;117,6;151,9;71,4;2018,25;2703,131245;17,3547541;250,679;257456;126248,6667;68,03333333;2,473333333;-0,545116154;145,2382849;20150,476;3612,389;89,89097826;71,86423913;104,5643478
2018 - Q3;111,62736;2,67;69,72;11,48;252,197;212,152;3327,9;18679,6;258066;2850,99;-0,58624;99,3;120,9;68;2018,5;2849,601431;15,3375;251,6863333;258066,3333;126759,6667;69,75666667;2,673333333;-0,580477692;137,3838799;20276,154;3722,248;89,796;65,16244444;109,5778889
2018 - Q4;136,00774;2,8;58,903;22,64;252,052;212,593;3342,6;18721,3;258703;2692;-0,51966;87,7;108,8;58,3;2018,75;2698,926828;12,8568254;252,711;258703,3333;127163;59,07666667;2,8;-0,501143077;175,8779145;20304,874;3724,752;115,8885714;71,03483516;149,4657143
2019 - Q1;149,39335;2,48;54,85;16,84;252,897;213,201;3372,8;18833,2;258389;2722,08;-0,55275;88,9;110,5;60;2019;2721,004419;21,05365079;253,3856667;258389,3333;127605,6667;54,82666667;2,483333333;-0,548227692;196,1356418;20431,641;3755,53;99,12641304;67,71945652;121,2080435
2019 - Q2;123,79741;2,12;59,787;15,8;255,928;213,459;3423,2;18982,5;258864;2882,89;-0,60595;97,4;124,4;58,5;2019,25;2882,327765;16,47;255,2473333;258863,6667;128089,3333;59,78333333;2,12;-0,596176923;159,5119666;20602,275;3790,049;86,40282609;58,64706522;106,3752174
2019 - Q3;158,26598;1,69;56,407;16,59;256,629;213,944;3449,3;19112,7;259432;2958,59;-0,55702;95,8;120,8;61,8;2019,5;2957,836407;15,18301587;256,0893333;259431,6667;128540,6667;56,37;1,686666667;-0,549379231;225,6363631;20843,322;3819,94;88,24055556;60,20644444;109,461
2019 - Q4;131,23539;1,59;56,913;14,27;257,176;214,665;3439,9;19202,3;260015;3086,44;-0,54810;81,7;95,3;62,1;2019,75;3082,755611;15,96015625;257,888;260015,3333;128939,3333;56,95666667;1,59;-0,55564;173,4988864;20985,448;3770,431;95,90175824;57,62186813;122,0627473
2020 - Q1;191,68466;1,1;45,84;32,52;258,255;212,503;3419,6;18952;259629;3069,3;-0,37449;98,3;124,4;67;2020;3055,869184;13,98578125;258,8176667;259629,3333;128917,6667;45,75666667;1,1;-0,349743846;268,9085626;20693,238;3673,842;97,26;63,77434783;121,7061957
2020 - Q2;283,44534;0,19;27,827;34,89;256,86;187,572;3123;17258,2;260049;2928,75;-0,05580;69,4;83,5;46,1;2020,25;2931,685555;31,22451613;256,292;260049;112140,3333;27,80666667;0,193333333;-0,079506923;401,7160842;19056,617;3162,976;80,4823913;60,87434783;94,54565217
2020 - Q3;249,48272;0,14;40,887;24,39;259,766;200,428;3318,5;18560,8;260558;3321,62;-0,45737;70,6;93,2;37,9;2020,5;3319,834072;34,49365079;259,2216667;260557,6667;118800,3333;40,89333333;0,14;-0,483350769;314,6582143;20548,793;3747,725;99,97626374;68,63252747;126,4795604
2020 - Q4;247,33562;0,15;42,507;25,96;260,364;204,905;3456,6;18767,8;261080;3554,33;-0,53695;69,9;87,7;45,5;2020,75;3554,501091;25,80890625;261,0916667;261080;120858;42,45333333;0,153333333;-0,546119231;319,9976206;20771,691;3863,835;70,28175824;46,99626374;84,70692308