month;GPR;GPRT;GPRA;GPRH;GPRHT;GPRHA
1900-01-01;;;;87,9278;64,7175;110,4535
1900-02-01;;;;86,5665;71,9368;96,2505
1900-03-01;;;;72,1407;57,4759;84,4994
1900-04-01;;;;54,4194;37,3266;65,8582
1900-05-01;;;;64,4052;48,2000;74,3740
1900-06-01;;;;83,6103;70,0066;93,9777
1900-07-01;;;;108,5711;87,0624;125,7091
1900-08-01;;;;108,5028;63,8416;149,7610
1900-09-01;;;;62,8133;54,6984;67,5818
1900-10-01;;;;43,3669;31,7176;51,4328
1900-11-01;;;;47,3436;38,1885;50,5342
1900-12-01;;;;49,3197;49,9251;42,5793
1901-01-01;;;;42,4790;40,7912;41,7433
1901-02-01;;;;50,1439;39,0579;55,6581
1901-03-01;;;;47,9376;53,7734;45,1070
1901-04-01;;;;37,9458;33,6575;38,0614
1901-05-01;;;;37,3797;29,3001;41,7381
1901-06-01;;;;31,6567;19,2282;38,6755
1901-07-01;;;;37,2578;24,3427;45,3882
1901-08-01;;;;58,1580;46,7184;67,2506
1901-09-01;;;;41,0900;35,2241;48,4759
1901-10-01;;;;36,3207;25,9038;43,8187
1901-11-01;;;;45,1156;41,0772;48,1561
1901-12-01;;;;51,4355;56,6668;45,0583
1902-01-01;;;;36,9608;26,9639;46,2223
1902-02-01;;;;45,6911;31,6411;55,1569
1902-03-01;;;;38,8590;29,5757;45,2250
1902-04-01;;;;43,8005;39,7867;46,3312
1902-05-01;;;;38,2560;29,0896;44,0369
1902-06-01;;;;38,8264;30,5399;42,3553
1902-07-01;;;;40,5738;32,3120;45,1127
1902-08-01;;;;55,6609;41,8926;63,8419
1902-09-01;;;;51,4282;37,7725;63,0728
1902-10-01;;;;52,1516;45,9646;56,4448
1902-11-01;;;;26,3432;23,3507;28,1186
1902-12-01;;;;53,2072;70,2427;37,5935
1903-01-01;;;;52,4105;75,1135;29,0523
1903-02-01;;;;55,7363;74,6974;39,3700
1903-03-01;;;;31,1350;38,6644;20,5374
1903-04-01;;;;33,4848;27,0529;38,2944
1903-05-01;;;;40,7547;39,5117;37,5693
1903-06-01;;;;33,4585;32,8110;32,1558
1903-07-01;;;;35,4643;33,2492;36,7450
1903-08-01;;;;63,4993;58,3225;67,3823
1903-09-01;;;;65,8399;76,5983;62,4685
1903-10-01;;;;49,2012;62,8437;37,5122
1903-11-01;;;;67,4541;71,2752;62,6967
1903-12-01;;;;65,4569;69,5772;61,0295
1904-01-01;;;;91,9773;109,6315;82,1674
1904-02-01;;;;140,3684;137,7571;149,3686
1904-03-01;;;;93,3381;77,6785;111,6779
1904-04-01;;;;59,1585;51,2528;66,4296
1904-05-01;;;;84,3866;57,1896;109,3128
1904-06-01;;;;66,1335;52,1205;75,1447
1904-07-01;;;;72,7748;61,8774;79,6179
1904-08-01;;;;84,4542;63,6832;105,4737
1904-09-01;;;;70,8174;56,6425;81,1018
1904-10-01;;;;61,0293;57,9605;57,6088
1904-11-01;;;;49,9092;47,0304;50,6174
1904-12-01;;;;45,9603;41,5880;46,7216
1905-01-01;;;;64,6216;59,8214;69,7184
1905-02-01;;;;59,1570;50,1837;65,7748
1905-03-01;;;;67,7549;67,7285;71,1233
1905-04-01;;;;41,5051;40,2392;41,1784
1905-05-01;;;;54,1503;54,5987;51,6343
1905-06-01;;;;69,7536;69,2960;70,4714
1905-07-01;;;;60,9829;61,9006;59,7047
1905-08-01;;;;53,2270;50,3651;54,5415
1905-09-01;;;;49,3908;59,8556;40,0103
1905-10-01;;;;41,1169;39,4832;41,1013
1905-11-01;;;;41,3156;42,1637;42,5526
1905-12-01;;;;45,7112;45,1085;43,5642
1906-01-01;;;;36,6405;39,4701;31,8673
1906-02-01;;;;38,8486;48,5443;31,4840
1906-03-01;;;;33,2143;31,8312;32,6002
1906-04-01;;;;31,3015;29,9422;31,1836
1906-05-01;;;;40,3677;46,6308;34,3789
1906-06-01;;;;42,0901;33,3471;47,5031
1906-07-01;;;;48,3693;44,4685;52,6675
1906-08-01;;;;50,4254;41,5328;55,5702
1906-09-01;;;;67,0024;60,2887;69,3365
1906-10-01;;;;39,7903;32,7318;45,0460
1906-11-01;;;;31,1099;26,1926;32,7696
1906-12-01;;;;29,6371;22,9866;33,0404
1907-01-01;;;;31,9049;27,7320;32,6198
1907-02-01;;;;43,5005;34,0486;53,2479
1907-03-01;;;;34,8959;25,1320;43,7511
1907-04-01;;;;29,9741;26,6091;31,4802
1907-05-01;;;;31,9701;32,7364;33,8691
1907-06-01;;;;47,5470;42,7074;52,8660
1907-07-01;;;;49,2553;44,2418;56,6983
1907-08-01;;;;40,4655;27,9736;48,2004
1907-09-01;;;;26,4075;18,9385;32,8206
1907-10-01;;;;25,9823;24,1256;26,0407
1907-11-01;;;;22,8875;17,0119;25,7872
1907-12-01;;;;28,1749;25,2669;28,8206
1908-01-01;;;;42,2437;47,3104;36,9277
1908-02-01;;;;25,9475;28,2054;24,4790
1908-03-01;;;;30,9531;32,7372;26,9069
1908-04-01;;;;26,9427;33,1111;22,2777
1908-05-01;;;;24,8320;20,5343;25,9858
1908-06-01;;;;36,4120;29,9295;40,1333
1908-07-01;;;;36,0104;32,3927;37,6448
1908-08-01;;;;28,4688;29,0160;25,3229
1908-09-01;;;;21,8122;14,8400;25,1883
1908-10-01;;;;44,5192;56,1098;33,6596
1908-11-01;;;;36,1556;41,7652;30,7917
1908-12-01;;;;39,6575;36,1411;43,7412
1909-01-01;;;;25,6487;20,2040;30,6568
1909-02-01;;;;38,0279;46,2995;32,2523
1909-03-01;;;;38,1123;37,7361;36,0645
1909-04-01;;;;34,0608;34,2156;32,8521
1909-05-01;;;;28,9909;29,5860;27,1444
1909-06-01;;;;25,5359;21,2203;27,4010
1909-07-01;;;;32,8956;31,8924;32,8288
1909-08-01;;;;34,8946;34,1942;37,3798
1909-09-01;;;;24,7365;19,7947;26,5433
1909-10-01;;;;27,1274;26,6507;25,7383
1909-11-01;;;;29,1009;25,1633;29,3831
1909-12-01;;;;31,9472;27,0567;35,9293
1910-01-01;;;;28,4023;28,5079;26,7497
1910-02-01;;;;31,3847;30,7941;30,2709
1910-03-01;;;;33,8224;36,1369;29,4709
1910-04-01;;;;25,5455;24,7664;26,0641
1910-05-01;;;;31,4044;21,8942;37,6639
1910-06-01;;;;29,7321;29,1812;29,3850
1910-07-01;;;;34,1925;30,7574;35,1172
1910-08-01;;;;32,8275;20,2531;44,4635
1910-09-01;;;;25,6062;15,7979;31,7491
1910-10-01;;;;28,7931;31,4044;24,3308
1910-11-01;;;;32,5776;23,6880;38,8563
1910-12-01;;;;36,3358;31,7049;41,3702
1911-01-01;;;;45,0684;49,1556;40,7145
1911-02-01;;;;31,0305;30,0841;29,7247
1911-03-01;;;;78,6270;116,2935;46,1918
1911-04-01;;;;53,0175;51,0509;55,8206
1911-05-01;;;;53,1146;42,7914;61,2191
1911-06-01;;;;26,9543;28,3722;23,2907
1911-07-01;;;;42,9167;42,9947;40,7191
1911-08-01;;;;47,5488;47,1876;45,9577
1911-09-01;;;;72,4117;77,6717;72,6324
1911-10-01;;;;73,6009;72,4004;83,0320
1911-11-01;;;;59,9198;64,0505;53,2983
1911-12-01;;;;48,1420;55,5967;40,9328
1912-01-01;;;;43,3074;47,5601;40,2262
1912-02-01;;;;48,6808;56,3309;41,9045
1912-03-01;;;;43,9845;40,2926;48,0577
1912-04-01;;;;34,2911;34,3916;34,3583
1912-05-01;;;;54,0490;37,3156;66,2870
1912-06-01;;;;39,0431;36,0148;39,1118
1912-07-01;;;;33,7454;29,5244;37,3374
1912-08-01;;;;53,7812;44,3403;65,5419
1912-09-01;;;;51,3274;40,8493;64,7352
1912-10-01;;;;103,2375;103,4375;120,8457
1912-11-01;;;;91,9769;101,1612;84,5629
1912-12-01;;;;47,7298;55,6736;41,1287
1913-01-01;;;;44,9503;46,5339;44,7267
1913-02-01;;;;64,2283;59,5952;70,0990
1913-03-01;;;;46,3957;42,6484;45,2428
1913-04-01;;;;49,0862;57,3976;41,9954
1913-05-01;;;;45,7887;41,5281;49,2686
1913-06-01;;;;26,7289;27,7915;26,1872
1913-07-01;;;;71,5968;56,3472;86,1620
1913-08-01;;;;68,4758;71,0735;65,9248
1913-09-01;;;;41,1932;44,6353;35,2042
1913-10-01;;;;27,0596;28,4829;24,7570
1913-11-01;;;;60,4116;65,2327;55,9882
1913-12-01;;;;44,6457;34,0596;53,3835
1914-01-01;;;;52,9693;37,0889;62,8212
1914-02-01;;;;67,7383;82,3819;56,3311
1914-03-01;;;;60,3007;57,0861;61,2095
1914-04-01;;;;145,2448;156,3826;151,2679
1914-05-01;;;;101,2608;104,0284;93,5474
1914-06-01;;;;71,5960;80,4889;59,6193
1914-07-01;;;;135,9936;178,0105;114,5276
1914-08-01;;;;472,3014;432,5966;571,4795
1914-09-01;;;;384,9529;207,2972;560,6354
1914-10-01;;;;315,9481;149,9579;466,8686
1914-11-01;;;;302,9435;132,8914;458,5145
1914-12-01;;;;280,0399;115,6854;423,8909
1915-01-01;;;;229,4776;120,8351;316,9388
1915-02-01;;;;303,4685;201,1578;411,2580
1915-03-01;;;;254,2597;134,9140;355,5394
1915-04-01;;;;227,8608;126,2351;316,5244
1915-05-01;;;;301,5808;161,6706;436,1501
1915-06-01;;;;316,1857;146,4304;461,3916
1915-07-01;;;;291,3964;133,1619;422,5425
1915-08-01;;;;313,1708;170,9424;441,6333
1915-09-01;;;;268,7384;153,3961;367,7557
1915-10-01;;;;274,5958;130,2424;396,8697
1915-11-01;;;;240,1056;133,4330;336,6595
1915-12-01;;;;214,3123;103,0180;313,5649
1916-01-01;;;;216,8689;135,7128;288,8954
1916-02-01;;;;206,7063;122,0147;277,2605
1916-03-01;;;;245,4648;147,7108;325,6271
1916-04-01;;;;232,9228;140,6297;314,4970
1916-05-01;;;;229,4764;129,9299;311,0051
1916-06-01;;;;318,3335;283,8180;356,1203
1916-07-01;;;;312,4759;205,0932;390,9127
1916-08-01;;;;307,6391;142,7141;442,0956
1916-09-01;;;;294,1620;117,8953;437,2350
1916-10-01;;;;268,8879;104,2748;399,1973
1916-11-01;;;;241,3141;97,0536;358,3491
1916-12-01;;;;249,3908;190,9832;303,4854
1917-01-01;;;;210,6309;133,5933;280,1570
1917-02-01;;;;350,2069;314,0217;406,5678
1917-03-01;;;;331,6864;253,5601;407,6205
1917-04-01;;;;338,6054;235,9620;434,3848
1917-05-01;;;;296,0191;170,4823;396,8393
1917-06-01;;;;266,4185;141,0312;371,4589
1917-07-01;;;;305,0151;201,6709;389,7404
1917-08-01;;;;323,6415;170,5276;449,1998
1917-09-01;;;;287,9422;141,2352;410,3366
1917-10-01;;;;262,8324;126,6842;381,8978
1917-11-01;;;;297,8531;140,1215;423,0855
1917-12-01;;;;292,8008;147,4208;408,2816
1918-01-01;;;;278,3056;175,7123;359,5226
1918-02-01;;;;292,1139;185,9386;384,1953
1918-03-01;;;;331,9318;148,7321;485,8644
1918-04-01;;;;349,8002;127,6908;527,8787
1918-05-01;;;;290,0693;127,9259;413,0862
1918-06-01;;;;366,0670;135,6980;550,9907
1918-07-01;;;;408,3455;135,6260;628,4243
1918-08-01;;;;393,5311;120,7097;609,1155
1918-09-01;;;;409,2270;162,7676;606,6751
1918-10-01;;;;393,5850;159,7754;582,0488
1918-11-01;;;;269,8725;157,3642;353,9868
1918-12-01;;;;196,5938;156,5626;223,2703
1919-01-01;;;;187,2019;176,7372;191,9649
1919-02-01;;;;207,4034;213,7508;207,7384
1919-03-01;;;;190,1789;181,0127;197,6428
1919-04-01;;;;198,1266;160,1391;226,0952
1919-05-01;;;;158,0450;153,2249;162,1507
1919-06-01;;;;169,1619;176,6183;159,1494
1919-07-01;;;;168,7230;180,0171;159,1281
1919-08-01;;;;156,3642;162,3949;146,7916
1919-09-01;;;;142,3478;159,6628;128,5655
1919-10-01;;;;143,5502;148,6075;141,3936
1919-11-01;;;;151,6483;160,1578;142,2762
1919-12-01;;;;126,9744;137,6087;112,5627
1920-01-01;;;;110,3847;101,9590;117,8238
1920-02-01;;;;94,4234;91,5436;96,2978
1920-03-01;;;;134,0079;139,7335;131,0831
1920-04-01;;;;138,1699;111,6999;163,3547
1920-05-01;;;;95,2936;72,0869;106,4290
1920-06-01;;;;82,3555;74,4094;83,6101
1920-07-01;;;;110,2987;104,0221;114,5254
1920-08-01;;;;125,3588;134,8544;122,1982
1920-09-01;;;;82,6521;71,2278;90,6729
1920-10-01;;;;95,9329;84,4814;100,9759
1920-11-01;;;;76,4114;71,3079;78,5080
1920-12-01;;;;79,4695;85,0411;76,6894
1921-01-01;;;;57,4520;57,8985;53,7929
1921-02-01;;;;71,3462;59,0477;76,6188
1921-03-01;;;;86,9314;81,6346;90,1547
1921-04-01;;;;73,6824;74,0260;69,2755
1921-05-01;;;;85,5621;91,0276;78,8010
1921-06-01;;;;81,8320;76,5028;83,1876
1921-07-01;;;;69,0536;64,8109;67,3036
1921-08-01;;;;71,4078;58,6074;78,6399
1921-09-01;;;;60,7944;60,1269;64,6011
1921-10-01;;;;73,8182;69,2793;73,7561
1921-11-01;;;;73,8855;81,4897;63,9118
1921-12-01;;;;68,3586;71,1708;64,0994
1922-01-01;;;;56,9981;55,5755;53,3068
1922-02-01;;;;56,6979;58,8200;48,1839
1922-03-01;;;;61,1556;64,3907;56,1523
1922-04-01;;;;73,2574;63,1317;81,6697
1922-05-01;;;;58,8831;51,0947;63,6616
1922-06-01;;;;65,4713;57,3526;71,5390
1922-07-01;;;;86,2233;84,6089;82,5947
1922-08-01;;;;62,4182;53,1183;67,8585
1922-09-01;;;;85,5264;94,5489;79,8617
1922-10-01;;;;62,8427;65,5579;59,4940
1922-11-01;;;;56,9272;54,4742;57,2126
1922-12-01;;;;52,6814;52,7222;50,1853
1923-01-01;;;;83,2609;105,7068;64,0679
1923-02-01;;;;74,3004;92,5147;57,6666
1923-03-01;;;;55,0534;53,0387;52,3575
1923-04-01;;;;47,3514;42,0278;48,6443
1923-05-01;;;;70,7503;79,9671;59,4533
1923-06-01;;;;47,4445;51,2643;45,7452
1923-07-01;;;;56,3729;55,6354;54,0467
1923-08-01;;;;42,5659;49,1120;34,4201
1923-09-01;;;;80,4444;95,5296;65,7346
1923-10-01;;;;48,9291;56,6511;39,4517
1923-11-01;;;;42,2053;50,9800;31,3871
1923-12-01;;;;57,7791;45,3316;67,7333
1924-01-01;;;;60,6612;50,6680;68,0698
1924-02-01;;;;44,8285;32,8374;53,1662
1924-03-01;;;;32,4508;26,6427;35,8860
1924-04-01;;;;42,5629;41,2648;41,1045
1924-05-01;;;;39,0558;35,5345;39,0156
1924-06-01;;;;32,0764;30,8075;30,3983
1924-07-01;;;;56,5317;55,1319;56,5330
1924-08-01;;;;61,5517;69,2595;51,0621
1924-09-01;;;;76,8069;84,1771;78,4186
1924-10-01;;;;53,9213;50,1368;54,9748
1924-11-01;;;;50,2938;40,9343;57,9912
1924-12-01;;;;45,7312;48,5879;41,2348
1925-01-01;;;;36,4663;38,3503;35,1855
1925-02-01;;;;40,3114;35,2998;41,6401
1925-03-01;;;;39,6592;39,5805;39,4268
1925-04-01;;;;52,6264;38,4847;63,1279
1925-05-01;;;;42,9524;40,2065;46,9011
1925-06-01;;;;51,6942;57,4597;48,0318
1925-07-01;;;;51,4490;52,4054;52,1357
1925-08-01;;;;52,5730;43,4297;58,6618
1925-09-01;;;;46,7968;39,0682;53,7662
1925-10-01;;;;57,5922;57,3781;56,0393
1925-11-01;;;;38,3193;34,5587;36,9913
1925-12-01;;;;38,7701;39,3775;37,7701
1926-01-01;;;;24,9199;31,8472;19,1435
1926-02-01;;;;31,8702;35,5797;28,0620
1926-03-01;;;;28,2252;32,0633;23,3310
1926-04-01;;;;41,0808;36,3646;42,3665
1926-05-01;;;;54,8147;50,4316;58,2104
1926-06-01;;;;38,4325;35,7700;39,9287
1926-07-01;;;;36,1614;29,5230;38,3727
1926-08-01;;;;39,1467;37,0967;38,7480
1926-09-01;;;;45,0184;42,2002;43,4911
1926-10-01;;;;34,6849;32,3031;34,0101
1926-11-01;;;;35,7469;34,1152;33,7839
1926-12-01;;;;42,0638;46,1468;36,4309
1927-01-01;;;;64,3087;71,5548;58,8918
1927-02-01;;;;52,6806;45,0820;60,7336
1927-03-01;;;;61,6190;69,5247;51,9748
1927-04-01;;;;56,5670;53,4910;57,5040
1927-05-01;;;;35,4563;37,6368;33,1496
1927-06-01;;;;39,5653;47,2106;32,9781
1927-07-01;;;;34,9146;38,9019;29,6657
1927-08-01;;;;39,5890;40,2604;37,4305
1927-09-01;;;;32,7283;27,8606;35,5020
1927-10-01;;;;43,1110;30,9243;53,6414
1927-11-01;;;;47,4282;42,6791;51,2771
1927-12-01;;;;42,6151;45,8500;38,3681
1928-01-01;;;;46,5087;34,3987;55,8697
1928-02-01;;;;37,3111;35,1542;38,7973
1928-03-01;;;;41,6777;37,5544;47,9757
1928-04-01;;;;37,5998;33,8322;40,2211
1928-05-01;;;;41,1493;36,0022;44,6367
1928-06-01;;;;35,1023;25,8343;41,0233
1928-07-01;;;;34,8269;30,4140;35,9443
1928-08-01;;;;37,7822;36,0990;39,9388
1928-09-01;;;;30,7003;25,5120;33,0447
1928-10-01;;;;27,1131;19,9580;32,6025
1928-11-01;;;;28,4140;29,8220;28,2884
1928-12-01;;;;48,1015;56,3401;44,3063
1929-01-01;;;;37,3057;31,3455;41,5896
1929-02-01;;;;42,3988;48,7964;38,9300
1929-03-01;;;;46,7977;37,2037;60,7743
1929-04-01;;;;44,7309;33,1341;54,9878
1929-05-01;;;;40,4848;37,0283;43,9379
1929-06-01;;;;29,2170;27,0944;30,7341
1929-07-01;;;;57,5642;70,1447;51,2030
1929-08-01;;;;44,6316;50,5238;38,5522
1929-09-01;;;;35,4883;37,0526;32,2289
1929-10-01;;;;35,2465;30,8025;37,0919
1929-11-01;;;;35,1363;34,5445;35,2153
1929-12-01;;;;37,4635;37,7179;38,0231
1930-01-01;;;;34,2940;44,1690;24,4925
1930-02-01;;;;36,4384;40,3738;32,1681
1930-03-01;;;;43,7415;58,9240;28,6689
1930-04-01;;;;38,9411;44,0457;31,9735
1930-05-01;;;;38,5769;33,7809;39,8484
1930-06-01;;;;43,8128;41,9768;43,5561
1930-07-01;;;;39,3065;42,0499;34,7218
1930-08-01;;;;45,4213;44,2997;46,9341
1930-09-01;;;;45,5681;45,7561;45,3579
1930-10-01;;;;65,1526;54,8229;76,9789
1930-11-01;;;;43,0579;48,0413;38,0857
1930-12-01;;;;41,4124;36,9075;42,5560
1931-01-01;;;;36,4265;37,1991;34,5613
1931-02-01;;;;36,3271;41,8393;31,5839
1931-03-01;;;;37,6658;35,8366;39,5383
1931-04-01;;;;41,0383;37,3899;47,9381
1931-05-01;;;;45,6971;44,3034;48,0377
1931-06-01;;;;34,4339;35,1148;31,7632
1931-07-01;;;;39,3074;37,3710;40,1519
1931-08-01;;;;46,5637;43,1808;47,7209
1931-09-01;;;;46,7671;50,6600;45,0850
1931-10-01;;;;52,4806;60,2347;46,4719
1931-11-01;;;;70,7919;80,3726;65,8688
1931-12-01;;;;47,3815;44,0615;48,5964
1932-01-01;;;;63,5720;65,2060;61,0543
1932-02-01;;;;113,9931;129,6727;102,2975
1932-03-01;;;;67,1853;68,1931;66,8805
1932-04-01;;;;53,5930;51,4729;51,6803
1932-05-01;;;;45,1198;35,9407;52,4993
1932-06-01;;;;38,6627;40,0509;39,5723
1932-07-01;;;;56,5095;53,4232;56,5168
1932-08-01;;;;73,4521;79,4513;69,1150
1932-09-01;;;;70,1973;74,6058;65,3139
1932-10-01;;;;44,7229;54,3823;36,8590
1932-11-01;;;;45,7658;48,5460;45,0187
1932-12-01;;;;43,8542;44,5657;39,4780
1933-01-01;;;;46,3892;48,5438;44,9744
1933-02-01;;;;89,6778;114,8602;68,3028
1933-03-01;;;;73,7830;93,4104;53,6764
1933-04-01;;;;52,0851;63,3590;43,7070
1933-05-01;;;;75,3380;82,4988;68,4591
1933-06-01;;;;38,8099;47,3617;27,5204
1933-07-01;;;;32,7760;34,0642;31,2531
1933-08-01;;;;49,9566;54,1007;43,0179
1933-09-01;;;;44,8657;51,7826;38,9576
1933-10-01;;;;50,1824;61,4315;38,2603
1933-11-01;;;;41,1572;46,4741;35,3170
1933-12-01;;;;39,4977;40,7000;37,7428
1934-01-01;;;;41,8152;46,5976;35,4843
1934-02-01;;;;50,2520;52,8221;47,5220
1934-03-01;;;;44,2706;54,2886;34,0571
1934-04-01;;;;41,6315;46,8286;37,6448
1934-05-01;;;;64,6443;85,3607;43,6923
1934-06-01;;;;46,0523;53,7643;35,6016
1934-07-01;;;;74,1295;96,7552;51,6406
1934-08-01;;;;49,6392;61,9098;38,1630
1934-09-01;;;;61,6172;79,3431;48,2481
1934-10-01;;;;43,6034;47,6701;41,6732
1934-11-01;;;;46,4348;59,5558;32,6986
1934-12-01;;;;61,0857;79,4227;45,0689
1935-01-01;;;;45,4595;53,4502;38,7153
1935-02-01;;;;50,4666;73,3912;31,1480
1935-03-01;;;;67,3648;88,3865;51,5317
1935-04-01;;;;57,2430;79,6162;35,2339
1935-05-01;;;;44,0346;57,5309;30,9997
1935-06-01;;;;45,9251;57,8592;37,7397
1935-07-01;;;;70,6822;100,7020;44,1677
1935-08-01;;;;88,2607;116,4339;72,7517
1935-09-01;;;;132,0768;212,9123;70,9497
1935-10-01;;;;188,7485;282,4046;122,8817
1935-11-01;;;;100,0624;136,4599;71,0218
1935-12-01;;;;102,6601;140,8085;69,8543
1936-01-01;;;;80,8976;102,5628;65,9970
1936-02-01;;;;79,9385;103,0006;60,0950
1936-03-01;;;;98,9215;148,8928;54,2405
1936-04-01;;;;71,3661;98,1149;49,6798
1936-05-01;;;;65,0026;87,1554;45,9275
1936-06-01;;;;72,5371;98,2621;60,5440
1936-07-01;;;;82,0948;79,8421;87,0746
1936-08-01;;;;136,8980;126,4027;149,8708
1936-09-01;;;;115,9253;109,6845;127,2577
1936-10-01;;;;93,9721;81,8372;108,6847
1936-11-01;;;;106,6264;96,3362;118,2518
1936-12-01;;;;92,6541;109,9938;80,7334
1937-01-01;;;;86,9390;106,9548;69,8610
1937-02-01;;;;70,6706;82,4205;66,8044
1937-03-01;;;;78,5030;79,6652;81,3572
1937-04-01;;;;73,5792;86,1767;69,4015
1937-05-01;;;;58,0830;50,4079;67,9139
1937-06-01;;;;73,0447;78,6295;72,6031
1937-07-01;;;;99,0400;105,7754;105,9972
1937-08-01;;;;100,3566;97,0457;120,2460
1937-09-01;;;;126,1123;136,5433;122,4173
1937-10-01;;;;109,7584;112,2321;114,0791
1937-11-01;;;;85,1643;103,6425;81,8953
1937-12-01;;;;88,4894;87,8092;94,9160
1938-01-01;;;;77,8406;70,9434;86,0571
1938-02-01;;;;91,1559;96,4606;91,0581
1938-03-01;;;;112,1873;145,0209;87,7585
1938-04-01;;;;81,9395;77,5930;84,2654
1938-05-01;;;;100,3945;107,2141;101,5395
1938-06-01;;;;83,6075;77,8368;89,6361
1938-07-01;;;;77,2451;65,3289;91,6122
1938-08-01;;;;103,3354;104,1236;111,5388
1938-09-01;;;;210,7447;316,1135;130,3604
1938-10-01;;;;140,1418;184,4446;97,7334
1938-11-01;;;;71,9365;77,6620;63,7527
1938-12-01;;;;74,1583;89,6176;62,7117
1939-01-01;;;;117,6118;143,7704;99,1569
1939-02-01;;;;97,0576;117,6218;80,0152
1939-03-01;;;;111,8310;147,6258;89,7033
1939-04-01;;;;141,7839;212,2855;89,4875
1939-05-01;;;;86,4595;114,2361;65,3354
1939-06-01;;;;104,2190;155,4060;59,3683
1939-07-01;;;;122,5034;188,5020;73,4771
1939-08-01;;;;181,1329;282,9249;101,9411
1939-09-01;;;;484,1883;480,0176;559,9847
1939-10-01;;;;350,2746;356,3557;384,9547
1939-11-01;;;;267,2020;247,8329;299,2093
1939-12-01;;;;227,9199;152,8468;307,3484
1940-01-01;;;;193,3712;143,2648;251,1714
1940-02-01;;;;190,7723;143,6235;240,3164
1940-03-01;;;;160,7621;123,7117;200,1551
1940-04-01;;;;196,9033;162,4561;244,1406
1940-05-01;;;;261,6206;196,1243;333,0608
1940-06-01;;;;260,6170;213,0831;320,0200
1940-07-01;;;;209,8786;192,9008;232,8952
1940-08-01;;;;212,5005;190,2489;240,2343
1940-09-01;;;;187,9911;157,8761;210,8485
1940-10-01;;;;178,5436;174,0441;186,5842
1940-11-01;;;;167,9486;130,8651;211,5001
1940-12-01;;;;179,9542;145,2335;214,9852
1941-01-01;;;;208,4822;143,9785;264,6556
1941-02-01;;;;206,4544;162,5760;245,7047
1941-03-01;;;;208,7134;171,9359;235,9614
1941-04-01;;;;235,8742;158,1966;301,3006
1941-05-01;;;;226,9964;162,8492;285,8685
1941-06-01;;;;249,6265;157,6941;339,1094
1941-07-01;;;;257,7549;163,5073;339,0318
1941-08-01;;;;227,4700;163,3983;283,6211
1941-09-01;;;;221,7093;123,7495;314,9423
1941-10-01;;;;207,9308;122,9949;282,3463
1941-11-01;;;;204,5678;113,4729;275,7966
1941-12-01;;;;447,5085;203,5154;665,7186
1942-01-01;;;;338,9930;130,5910;509,4321
1942-02-01;;;;328,9260;142,8045;481,2264
1942-03-01;;;;280,3207;134,9420;398,6900
1942-04-01;;;;287,1213;125,4311;414,5711
1942-05-01;;;;277,5602;103,0263;415,4564
1942-06-01;;;;296,4199;117,8176;435,7878
1942-07-01;;;;292,8392;105,4358;439,8413
1942-08-01;;;;338,0627;122,5783;507,7712
1942-09-01;;;;294,4719;111,2439;440,6633
1942-10-01;;;;298,2612;106,9138;449,3932
1942-11-01;;;;308,5858;110,1689;468,2942
1942-12-01;;;;332,1252;116,7138;498,9268
1943-01-01;;;;319,0301;108,3089;494,3822
1943-02-01;;;;328,5753;139,4082;478,7422
1943-03-01;;;;335,3710;116,6332;503,2414
1943-04-01;;;;309,9389;111,4926;471,5403
1943-05-01;;;;340,5240;120,0503;520,6311
1943-06-01;;;;352,0423;131,2016;530,3125
1943-07-01;;;;402,7428;152,7486;608,9754
1943-08-01;;;;367,2892;152,2111;543,2726
1943-09-01;;;;401,1039;148,0257;608,9188
1943-10-01;;;;323,5034;115,5800;491,6020
1943-11-01;;;;313,2484;99,4021;481,7324
1943-12-01;;;;339,3568;102,1488;524,9418
1944-01-01;;;;363,1461;134,5206;550,9585
1944-02-01;;;;350,9222;128,9483;539,3996
1944-03-01;;;;331,2736;122,0708;495,3024
1944-04-01;;;;352,4860;132,7560;528,5791
1944-05-01;;;;389,8532;123,6484;609,5342
1944-06-01;;;;473,2165;138,1285;746,1529
1944-07-01;;;;396,8920;119,9154;621,9338
1944-08-01;;;;417,7858;155,5309;624,8864
1944-09-01;;;;390,0901;147,1540;583,0879
1944-10-01;;;;354,8914;136,3644;542,1481
1944-11-01;;;;341,0667;130,5515;512,9883
1944-12-01;;;;359,2230;130,1933;538,7162
1945-01-01;;;;326,9897;165,6362;454,6562
1945-02-01;;;;314,1442;161,7537;446,5524
1945-03-01;;;;321,1037;165,5068;449,5199
1945-04-01;;;;277,5853;151,1080;388,9224
1945-05-01;;;;231,9254;145,3588;311,3793
1945-06-01;;;;239,4785;157,7292;309,3860
1945-07-01;;;;254,0385;174,8088;338,1716
1945-08-01;;;;280,3400;275,1289;305,7274
1945-09-01;;;;158,3389;153,8224;160,6340
1945-10-01;;;;176,2973;179,8849;160,6536
1945-11-01;;;;176,1805;213,3503;138,0693
1945-12-01;;;;132,4053;134,7399;123,0638
1946-01-01;;;;136,2146;137,4383;132,6752
1946-02-01;;;;122,5293;128,3723;110,1610
1946-03-01;;;;131,4158;179,8378;84,2431
1946-04-01;;;;115,9895;132,5016;95,9740
1946-05-01;;;;124,8186;152,6525;94,2188
1946-06-01;;;;123,5619;154,5000;87,8234
1946-07-01;;;;128,6304;157,2779;98,5323
1946-08-01;;;;122,5936;141,3406;106,6349
1946-09-01;;;;132,1534;180,8433;79,8663
1946-10-01;;;;115,0505;147,7995;79,2284
1946-11-01;;;;104,2726;115,9421;92,2258
1946-12-01;;;;109,5469;126,8049;89,8325
1947-01-01;;;;102,4640;98,7746;101,4981
1947-02-01;;;;97,7743;103,3542;84,7253
1947-03-01;;;;118,6798;131,7278;100,6320
1947-04-01;;;;102,7486;112,7379;90,8471
1947-05-01;;;;90,1582;105,7170;74,7766
1947-06-01;;;;87,4981;102,7587;70,7090
1947-07-01;;;;111,1157;112,4882;107,0276
1947-08-01;;;;112,9238;117,1576;103,3150
1947-09-01;;;;99,3643;109,5340;87,0955
1947-10-01;;;;91,3535;107,1294;76,3927
1947-11-01;;;;85,0682;94,0254;71,4776
1947-12-01;;;;92,0465;97,9455;86,8672
1948-01-01;;;;90,1972;99,9386;79,9752
1948-02-01;;;;101,2435;118,8201;80,5760
1948-03-01;;;;139,1269;191,3204;83,8825
1948-04-01;;;;125,5892;150,2073;100,2266
1948-05-01;;;;128,9721;169,6176;94,2699
1948-06-01;;;;105,3297;126,5366;82,4881
1948-07-01;;;;139,1531;196,5983;78,8145
1948-08-01;;;;106,9261;120,3666;86,6559
1948-09-01;;;;121,5093;167,7201;71,1822
1948-10-01;;;;129,3593;169,5882;85,7160
1948-11-01;;;;99,3540;131,5243;64,0905
1948-12-01;;;;85,4159;95,2457;74,2778
1949-01-01;;;;90,2917;106,6554;72,0056
1949-02-01;;;;90,1914;103,4429;74,4570
1949-03-01;;;;76,2834;92,7594;56,1230
1949-04-01;;;;91,9588;119,7674;60,6085
1949-05-01;;;;93,0524;121,2559;62,7447
1949-06-01;;;;81,8393;104,8760;56,9267
1949-07-01;;;;79,7898;107,6974;47,6494
1949-08-01;;;;88,2728;98,1324;81,6589
1949-09-01;;;;94,7829;119,0121;66,6740
1949-10-01;;;;83,7473;115,9217;51,8592
1949-11-01;;;;66,2633;83,1685;46,4679
1949-12-01;;;;68,2133;93,6668;47,6903
1950-01-01;;;;75,7698;99,7469;49,5896
1950-02-01;;;;101,8080;150,6218;51,2985
1950-03-01;;;;74,7002;106,0828;44,9208
1950-04-01;;;;77,9212;102,7013;53,4551
1950-05-01;;;;84,7796;122,1598;45,6617
1950-06-01;;;;102,6382;126,2573;81,9702
1950-07-01;;;;242,3644;303,0688;201,5059
1950-08-01;;;;229,5493;266,7404;212,6803
1950-09-01;;;;190,1479;185,1031;196,5940
1950-10-01;;;;140,0428;152,2361;128,7268
1950-11-01;;;;156,1335;152,4414;163,9077
1950-12-01;;;;237,1070;315,1687;187,0472
1951-01-01;;;;215,7411;276,4657;175,7504
1951-02-01;;;;181,3082;207,3727;162,8537
1951-03-01;;;;148,5843;164,7797;135,0174
1951-04-01;;;;153,0890;186,4114;141,2840
1951-05-01;;;;185,5716;234,6903;167,6850
1951-06-01;;;;145,9874;172,0406;135,6543
1951-07-01;;;;147,3849;180,7303;133,6889
1951-08-01;;;;142,8985;167,6921;128,8905
1951-09-01;;;;117,8125;118,8709;113,8030
1951-10-01;;;;151,9956;172,0917;139,9265
1951-11-01;;;;144,3098;160,2589;132,0969
1951-12-01;;;;118,5394;129,9367;115,8891
1952-01-01;;;;136,6842;150,8638;132,8025
1952-02-01;;;;109,9864;121,3878;99,6204
1952-03-01;;;;100,5424;102,4240;98,9652
1952-04-01;;;;100,3922;95,2484;103,6242
1952-05-01;;;;111,6230;125,1439;97,8764
1952-06-01;;;;114,9689;105,7950;124,3018
1952-07-01;;;;94,6742;81,3372;107,2733
1952-08-01;;;;88,6739;89,2973;88,5434
1952-09-01;;;;98,1361;95,6962;99,9792
1952-10-01;;;;110,6772;107,3017;111,4129
1952-11-01;;;;100,0340;83,5059;111,5277
1952-12-01;;;;94,5601;89,7490;94,9718
1953-01-01;;;;91,2089;85,3424;92,4502
1953-02-01;;;;132,7771;162,8797;113,5517
1953-03-01;;;;109,0022;105,4314;114,8113
1953-04-01;;;;100,9965;112,4223;94,1137
1953-05-01;;;;109,3540;116,0114;105,9904
1953-06-01;;;;117,9720;130,2441;107,9479
1953-07-01;;;;111,8612;113,5331;112,9738
1953-08-01;;;;105,1275;130,9232;72,9836
1953-09-01;;;;86,9465;99,1703;73,2946
1953-10-01;;;;100,0868;117,2604;82,2145
1953-11-01;;;;59,4474;69,6624;45,5212
1953-12-01;;;;98,3713;135,8226;57,4308
1954-01-01;;;;83,4408;95,2023;69,2085
1954-02-01;;;;78,8530;92,8299;62,3461
1954-03-01;;;;100,2619;121,7069;78,5595
1954-04-01;;;;127,5243;182,8768;77,5120
1954-05-01;;;;83,3119;101,3400;62,5984
1954-06-01;;;;119,2348;151,8305;89,7013
1954-07-01;;;;109,8789;129,3111;87,5675
1954-08-01;;;;81,6824;110,2811;53,8193
1954-09-01;;;;79,4170;103,4092;54,6565
1954-10-01;;;;61,6765;82,7549;37,9628
1954-11-01;;;;85,9705;112,9414;53,8032
1954-12-01;;;;81,4253;113,3112;53,2119
1955-01-01;;;;96,2097;130,6394;65,1083
1955-02-01;;;;110,4639;162,2831;62,4028
1955-03-01;;;;116,4915;164,5148;74,7412
1955-04-01;;;;99,8680;137,1181;68,2928
1955-05-01;;;;80,8739;110,3893;51,1131
1955-06-01;;;;84,1080;113,2539;59,7470
1955-07-01;;;;80,5865;115,4947;46,2292
1955-08-01;;;;84,7210;108,9337;59,3251
1955-09-01;;;;79,8739;105,8787;54,2544
1955-10-01;;;;77,3074;94,1116;58,3052
1955-11-01;;;;80,7842;99,0137;63,9264
1955-12-01;;;;78,1252;90,2464;66,0420
1956-01-01;;;;101,6648;140,0116;61,6781
1956-02-01;;;;114,9883;150,0036;82,4677
1956-03-01;;;;96,0286;118,6313;75,2425
1956-04-01;;;;87,8169;121,0525;58,0660
1956-05-01;;;;79,9220;108,1663;49,1429
1956-06-01;;;;83,6230;102,3508;67,2158
1956-07-01;;;;87,7446;117,5788;55,6778
1956-08-01;;;;91,8789;127,8057;54,8222
1956-09-01;;;;87,9346;125,8248;45,7053
1956-10-01;;;;112,3737;167,4924;60,7208
1956-11-01;;;;167,7066;227,0634;115,0031
1956-12-01;;;;103,3831;111,6552;89,5763
1957-01-01;;;;112,1222;141,6270;82,4707
1957-02-01;;;;125,3620;173,8758;74,6949
1957-03-01;;;;78,9454;107,3515;46,5103
1957-04-01;;;;97,7164;139,6112;52,9695
1957-05-01;;;;102,3772;156,2627;48,5674
1957-06-01;;;;99,8128;136,2714;61,2967
1957-07-01;;;;95,0351;130,2824;59,2271
1957-08-01;;;;82,2792;98,6244;61,2108
1957-09-01;;;;80,4689;112,2587;42,5208
1957-10-01;;;;110,6007;156,2891;63,5749
1957-11-01;;;;101,6789;136,7801;67,1581
1957-12-01;;;;105,5081;159,8285;51,3236
1958-01-01;;;;102,1012;132,1599;71,5834
1958-02-01;;;;113,7935;146,4993;76,8055
1958-03-01;;;;108,7297;133,4885;84,5644
1958-04-01;;;;136,0659;172,0406;99,8496
1958-05-01;;;;113,2623;151,8789;77,6838
1958-06-01;;;;97,3489;112,0592;75,8610
1958-07-01;;;;155,7167;208,7163;101,6630
1958-08-01;;;;123,1194;175,5523;69,2477
1958-09-01;;;;133,8649;191,4910;78,1966
1958-10-01;;;;103,4050;136,9667;65,4598
1958-11-01;;;;98,7124;135,8179;60,6209
1958-12-01;;;;96,5356;133,9134;58,3766
1959-01-01;;;;74,9205;104,7680;46,0792
1959-02-01;;;;76,6792;106,0316;48,9125
1959-03-01;;;;99,1340;141,0984;63,7891
1959-04-01;;;;86,4952;108,3610;62,9485
1959-05-01;;;;88,2081;121,7186;53,4302
1959-06-01;;;;94,7971;127,0292;61,2270
1959-07-01;;;;83,8318;118,4380;49,3423
1959-08-01;;;;91,0466;102,2673;73,3849
1959-09-01;;;;82,3899;93,6104;67,3711
1959-10-01;;;;69,5974;90,1484;45,1140
1959-11-01;;;;70,3912;96,5920;40,9390
1959-12-01;;;;67,8108;90,1128;44,1981
1960-01-01;;;;64,6591;87,5547;38,9764
1960-02-01;;;;90,1789;122,0065;53,6477
1960-03-01;;;;77,8836;114,1832;41,0352
1960-04-01;;;;89,7614;122,1479;51,9456
1960-05-01;;;;100,8259;152,5620;50,0562
1960-06-01;;;;85,5940;125,4338;46,2340
1960-07-01;;;;76,7508;104,0768;47,7440
1960-08-01;;;;97,6756;133,3755;58,7370
1960-09-01;;;;88,2976;108,3543;63,6929
1960-10-01;;;;92,9277;139,2568;46,1853
1960-11-01;;;;88,1583;111,0330;65,3864
1960-12-01;;;;84,3004;108,7956;56,4820
1961-01-01;;;;89,1747;95,8415;78,4139
1961-02-01;;;;78,2374;103,5147;49,1236
1961-03-01;;;;92,8014;123,7441;61,9717
1961-04-01;;;;132,0543;158,6590;107,1326
1961-05-01;;;;110,8278;128,6197;91,7820
1961-06-01;;;;112,1283;150,9840;67,4991
1961-07-01;;;;141,7793;208,8424;79,1089
1961-08-01;;;;167,1951;259,2385;79,1059
1961-09-01;;;;186,1363;308,8844;70,5946
1961-10-01;;;;131,0920;216,1090;51,7239
1961-11-01;;;;130,8040;197,9158;65,7204
1961-12-01;;;;140,7751;197,7918;86,5770
1962-01-01;;;;105,9604;146,8281;66,4202
1962-02-01;;;;113,7525;150,4375;75,2380
1962-03-01;;;;130,2905;170,2750;86,2241
1962-04-01;;;;116,6429;153,7565;77,3598
1962-05-01;;;;112,3421;130,9011;98,3047
1962-06-01;;;;96,7891;125,6127;63,7728
1962-07-01;;;;93,5509;128,3558;55,4753
1962-08-01;;;;81,4739;109,4524;52,9307
1962-09-01;;;;108,8845;155,9243;63,5315
1962-10-01;;;;228,1365;376,5883;81,7962
1962-11-01;;;;170,6579;272,5717;68,6767
1962-12-01;;;;138,2330;210,6449;64,0217
1963-01-01;;;;120,2067;177,0644;60,2551
1963-02-01;;;;150,0165;236,1106;57,7216
1963-03-01;;;;119,1106;180,5172;55,4097
1963-04-01;;;;114,8406;167,6384;62,5409
1963-05-01;;;;101,7862;145,3752;57,8561
1963-06-01;;;;90,5088;128,2284;53,5176
1963-07-01;;;;146,5468;230,3662;59,3191
1963-08-01;;;;159,1600;254,5079;62,3018
1963-09-01;;;;120,2657;188,0609;52,9127
1963-10-01;;;;114,0134;158,6059;65,8185
1963-11-01;;;;97,1349;133,1831;58,3605
1963-12-01;;;;77,0088;106,1612;44,1488
1964-01-01;;;;72,6212;90,2294;50,5898
1964-02-01;;;;79,1941;100,3036;56,4490
1964-03-01;;;;76,2863;98,4559;49,7036
1964-04-01;;;;70,8199;90,5931;48,9953
1964-05-01;;;;72,8373;79,5285;62,0626
1964-06-01;;;;99,4939;115,8520;76,2526
1964-07-01;;;;116,0986;163,7688;62,6466
1964-08-01;;;;126,0265;148,8548;103,0107
1964-09-01;;;;92,8466;121,7103;63,2776
1964-10-01;;;;99,3966;145,5210;54,0300
1964-11-01;;;;84,1749;109,7731;57,8665
1964-12-01;;;;96,6290;117,0409;70,8362
1965-01-01;;;;66,4317;86,6635;43,4490
1965-02-01;;;;87,2783;103,4800;71,6998
1965-03-01;;;;74,7592;89,0889;58,1856
1965-04-01;;;;83,2258;98,3147;67,4232
1965-05-01;;;;107,0521;117,5937;97,4062
1965-06-01;;;;96,5711;98,1863;92,5449
1965-07-01;;;;106,2060;131,9679;76,6498
1965-08-01;;;;102,4999;119,1445;83,0582
1965-09-01;;;;148,6270;168,9379;128,1805
1965-10-01;;;;105,9070;111,7681;96,1662
1965-11-01;;;;96,2057;131,0983;62,2791
1965-12-01;;;;122,6739;174,2976;71,4909
1966-01-01;;;;100,8363;120,0413;77,1779
1966-02-01;;;;110,2978;133,6673;83,8834
1966-03-01;;;;84,8390;112,8292;53,4988
1966-04-01;;;;83,1740;105,9399;57,2770
1966-05-01;;;;88,2457;114,2205;64,0185
1966-06-01;;;;84,8250;105,8410;61,0905
1966-07-01;;;;101,3679;130,3863;70,0796
1966-08-01;;;;90,5393;102,1037;77,4275
1966-09-01;;;;82,4367;111,9901;48,8846
1966-10-01;;;;87,2141;110,7146;60,4325
1966-11-01;;;;84,3504;90,6061;74,1766
1966-12-01;;;;89,4995;112,8714;62,9971
1967-01-01;;;;78,8758;92,2348;64,7627
1967-02-01;;;;93,5308;112,5661;70,7637
1967-03-01;;;;106,4755;116,1316;92,5170
1967-04-01;;;;86,2844;96,3138;78,4089
1967-05-01;;;;124,0165;168,4748;84,0258
1967-06-01;;;;183,6513;217,9273;164,0558
1967-07-01;;;;141,9241;149,9213;134,3182
1967-08-01;;;;123,5728;120,3249;127,5996
1967-09-01;;;;98,4654;105,0086;91,2722
1967-10-01;;;;104,7816;109,6558;97,5579
1967-11-01;;;;99,8053;118,0733;80,0110
1967-12-01;;;;109,8996;132,6725;87,4156
1968-01-01;;;;120,0167;152,6848;89,8474
1968-02-01;;;;140,8431;147,2113;136,4946
1968-03-01;;;;110,7555;116,8382;105,0263
1968-04-01;;;;106,3356;113,7573;96,9146
1968-05-01;;;;87,4347;79,6083;88,3678
1968-06-01;;;;77,7385;78,4230;72,8857
1968-07-01;;;;106,2972;120,8811;88,4178
1968-08-01;;;;126,0388;129,6238;116,5764
1968-09-01;;;;115,4190;127,1909;97,5425
1968-10-01;;;;90,0500;104,2859;73,7349
1968-11-01;;;;89,1148;100,5889;75,3837
1968-12-01;;;;80,3687;79,1948;79,2222
1969-01-01;;;;98,5400;116,7646;79,6825
1969-02-01;;;;99,2993;101,6491;91,2868
1969-03-01;;;;126,8500;126,2670;123,1681
1969-04-01;;;;106,2795;117,4098;91,6296
1969-05-01;;;;84,3174;76,9373;86,4705
1969-06-01;;;;85,4615;84,8636;81,5461
1969-07-01;;;;91,4016;95,2269;86,3977
1969-08-01;;;;95,1884;89,4096;102,1791
1969-09-01;;;;87,5663;79,0669;91,1425
1969-10-01;;;;85,1443;100,7032;69,2946
1969-11-01;;;;102,0332;110,4775;94,1507
1969-12-01;;;;87,3683;89,8455;83,4242
1970-01-01;;;;93,3608;100,6755;86,7299
1970-02-01;;;;93,0185;99,7975;85,3623
1970-03-01;;;;88,9745;82,8469;91,8802
1970-04-01;;;;88,4486;75,0322;95,6611
1970-05-01;;;;123,7329;109,7043;137,4105
1970-06-01;;;;93,9416;74,8851;111,8782
1970-07-01;;;;108,7137;118,1326;96,4516
1970-08-01;;;;106,9698;109,0321;107,9441
1970-09-01;;;;177,2829;173,4385;184,9298
1970-10-01;;;;113,9060;114,2226;108,5061
1970-11-01;;;;72,0277;91,8057;56,4517
1970-12-01;;;;73,4913;78,3486;65,6113
1971-01-01;;;;83,0718;87,2070;80,4810
1971-02-01;;;;99,5417;114,3135;95,9203
1971-03-01;;;;88,1345;89,8887;84,3887
1971-04-01;;;;93,0987;89,4698;93,6751
1971-05-01;;;;73,1400;66,7382;78,9302
1971-06-01;;;;73,6328;77,8260;73,4582
1971-07-01;;;;94,8172;103,7248;87,6123
1971-08-01;;;;79,9137;88,3065;69,2993
1971-09-01;;;;78,3456;86,3502;64,0640
1971-10-01;;;;83,1979;97,8913;67,3597
1971-11-01;;;;91,9717;113,6745;73,1969
1971-12-01;;;;110,2034;108,6709;116,4799
1972-01-01;;;;87,9457;87,1113;90,0945
1972-02-01;;;;78,8551;78,9704;80,6752
1972-03-01;;;;69,4854;64,4602;76,1073
1972-04-01;;;;106,5445;92,2277;122,3316
1972-05-01;;;;128,2822;146,6650;115,3385
1972-06-01;;;;103,5797;107,1528;97,7954
1972-07-01;;;;79,5890;79,3981;74,8979
1972-08-01;;;;75,6436;62,6044;81,5073
1972-09-01;;;;106,8582;85,9652;132,4629
1972-10-01;;;;73,4010;68,6389;74,5508
1972-11-01;;;;72,0016;71,3802;70,7865
1972-12-01;;;;67,6373;66,8704;66,5835
1973-01-01;;;;64,1260;62,6597;66,9206
1973-02-01;;;;48,9023;45,5144;50,2094
1973-03-01;;;;64,1389;74,6193;51,4580
1973-04-01;;;;70,7058;73,0874;68,8091
1973-05-01;;;;58,9800;57,8989;58,3891
1973-06-01;;;;54,0078;58,5645;48,7227
1973-07-01;;;;69,1901;71,1453;63,4092
1973-08-01;;;;70,1053;68,9893;73,6109
1973-09-01;;;;64,2827;68,9631;57,6478
1973-10-01;;;;161,1414;156,2268;187,1441
1973-11-01;;;;109,2372;146,0409;83,6244
1973-12-01;;;;85,2023;114,1721;60,3399
1974-01-01;;;;80,4914;103,8730;59,5026
1974-02-01;;;;71,6073;92,7496;51,9745
1974-03-01;;;;76,0634;103,3380;50,2983
1974-04-01;;;;68,7242;74,0906;59,1736
1974-05-01;;;;65,3195;62,3531;64,3584
1974-06-01;;;;69,4639;84,3028;56,8981
1974-07-01;;;;84,6205;114,5951;55,9144
1974-08-01;;;;75,6867;93,8621;57,0936
1974-09-01;;;;53,9592;65,0905;44,6787
1974-10-01;;;;57,7162;82,0687;31,6586
1974-11-01;;;;68,7720;87,4499;48,7605
1974-12-01;;;;74,3853;81,7158;67,7461
1975-01-01;;;;73,1673;83,8554;63,5163
1975-02-01;;;;86,0549;112,8296;68,5263
1975-03-01;;;;87,0011;81,5045;91,2992
1975-04-01;;;;82,6415;89,5179;72,1478
1975-05-01;;;;69,5149;91,7515;46,4291
1975-06-01;;;;73,4547;104,6520;44,0267
1975-07-01;;;;87,4660;130,4194;44,4574
1975-08-01;;;;92,5399;119,2892;63,4597
1975-09-01;;;;69,6471;91,5480;50,5815
1975-10-01;;;;77,1913;95,5612;57,0417
1975-11-01;;;;71,1630;98,5609;44,9692
1975-12-01;;;;79,8572;83,3338;75,9402
1976-01-01;;;;82,4615;99,6056;65,4129
1976-02-01;;;;53,8183;61,6390;43,6544
1976-03-01;;;;69,6011;94,4202;47,1693
1976-04-01;;;;62,1434;76,1815;47,5102
1976-05-01;;;;67,5401;90,4475;45,8138
1976-06-01;;;;68,0022;79,7155;57,9577
1976-07-01;;;;78,5722;62,2789;94,9175
1976-08-01;;;;91,0843;108,7644;73,1784
1976-09-01;;;;69,4016;76,6013;60,7826
1976-10-01;;;;67,3575;85,4704;50,6627
1976-11-01;;;;58,6099;66,9414;52,8473
1976-12-01;;;;62,1970;80,2319;44,4443
1977-01-01;;;;55,8569;78,5853;33,2770
1977-02-01;;;;64,8968;84,9938;40,5090
1977-03-01;;;;61,6894;83,1067;39,6668
1977-04-01;;;;78,9840;94,5493;62,8010
1977-05-01;;;;74,1925;94,3792;55,0649
1977-06-01;;;;67,7672;84,2948;50,0425
1977-07-01;;;;77,6177;98,0006;57,3426
1977-08-01;;;;72,0782;86,0443;57,0401
1977-09-01;;;;63,8262;82,0208;47,1996
1977-10-01;;;;78,1130;102,5135;60,5841
1977-11-01;;;;70,1221;89,6803;52,1988
1977-12-01;;;;56,5573;68,2358;42,9289
1978-01-01;;;;65,3714;88,5276;43,3799
1978-02-01;;;;80,8669;103,8131;58,0406
1978-03-01;;;;101,2726;105,5895;94,2457
1978-04-01;;;;76,1795;109,6081;43,1600
1978-05-01;;;;111,7318;120,5779;104,7812
1978-06-01;;;;97,3058;103,5479;93,1757
1978-07-01;;;;86,6430;102,8066;75,9182
1978-08-01;;;;66,5971;69,9168;62,8379
1978-09-01;;;;71,8013;67,4762;75,2297
1978-10-01;;;;65,7306;67,8109;60,7157
1978-11-01;;;;75,7578;95,5634;57,1154
1978-12-01;;;;77,1934;102,5940;55,0214
1979-01-01;;;;84,8891;99,4894;73,1189
1979-02-01;;;;95,4703;116,5962;83,1459
1979-03-01;;;;91,0393;111,3618;73,6172
1979-04-01;;;;94,2981;110,2948;76,9065
1979-05-01;;;;77,9274;100,0864;53,9372
1979-06-01;;;;99,5243;126,8283;73,9240
1979-07-01;;;;81,1499;96,5213;62,7272
1979-08-01;;;;70,0839;77,2826;63,2910
1979-09-01;;;;74,7140;103,7522;52,2010
1979-10-01;;;;82,6200;121,2199;45,7950
1979-11-01;;;;88,6698;116,0778;65,0577
1979-12-01;;;;95,8267;138,3984;61,5115
1980-01-01;;;;153,0169;239,9929;72,0023
1980-02-01;;;;108,0023;155,4066;58,4352
1980-03-01;;;;86,5362;124,6737;51,6023
1980-04-01;;;;122,7414;181,8508;66,5551
1980-05-01;;;;86,8421;121,6394;52,0806
1980-06-01;;;;86,2696;114,3731;59,6324
1980-07-01;;;;69,7911;83,9765;51,5279
1980-08-01;;;;73,1682;95,4237;54,6602
1980-09-01;;;;109,1774;147,7067;73,3849
1980-10-01;;;;127,9961;157,2167;114,7590
1980-11-01;;;;97,9392;124,7942;68,7880
1980-12-01;;;;103,2121;135,8767;73,9285
1981-01-01;;;;111,1389;141,4209;83,6486
1981-02-01;;;;98,3559;134,6870;68,0166
1981-03-01;;;;85,7365;109,9993;63,0190
1981-04-01;;;;106,3973;138,0655;77,6532
1981-05-01;;;;105,4531;139,1840;80,3336
1981-06-01;;;;118,5579;181,1050;63,3215
1981-07-01;;;;86,8713;104,5325;68,5754
1981-08-01;;;;93,5716;116,9252;75,8331
1981-09-01;;;;89,8500;118,0363;58,1674
1981-10-01;;;;89,6005;123,0066;56,8397
1981-11-01;;;;109,2118;176,8562;44,8354
1981-12-01;;;;125,2854;199,6158;53,5606
1982-01-01;;;;112,3325;176,2305;49,0512
1982-02-01;;;;107,0620;147,5006;68,6666
1982-03-01;;;;123,9011;167,2142;86,4115
1982-04-01;;;;172,8139;274,4374;83,0025
1982-05-01;;;;161,0103;242,1910;95,9125
1982-06-01;;;;168,8618;213,5370;134,3418
1982-07-01;;;;131,4663;169,5954;101,6649
1982-08-01;;;;105,8186;138,0417;77,3698
1982-09-01;;;;92,6876;123,8417;60,9678
1982-10-01;;;;106,7619;135,7453;72,9467
1982-11-01;;;;104,8057;155,3449;52,8867
1982-12-01;;;;101,8938;143,9525;62,9341
1983-01-01;;;;91,1362;123,3312;58,6878
1983-02-01;;;;86,4384;110,1121;62,1350
1983-03-01;;;;84,6499;116,9909;52,8671
1983-04-01;;;;113,7568;161,4463;65,0987
1983-05-01;;;;98,6867;142,9803;60,4846
1983-06-01;;;;99,6159;131,8285;70,0001
1983-07-01;;;;89,6921;116,7171;64,4217
1983-08-01;;;;84,0774;103,2646;66,1184
1983-09-01;;;;126,1342;160,8929;91,4187
1983-10-01;;;;125,7752;142,1921;114,9733
1983-11-01;;;;131,7056;166,6207;103,2709
1983-12-01;;;;114,8897;122,3383;111,8632
1984-01-01;;;;99,8225;120,2961;84,0178
1984-02-01;;;;87,4690;89,5125;86,8409
1984-03-01;;;;84,1727;96,8333;77,3788
1984-04-01;;;;90,0461;97,0886;89,0764
1984-05-01;;;;94,1264;123,8470;70,7675
1984-06-01;;;;94,0631;119,0956;72,5013
1984-07-01;;;;65,3287;79,2674;50,9795
1984-08-01;;;;71,3734;82,3986;60,1449
1984-09-01;;;;93,1371;101,1120;84,4602
1984-10-01;;;;93,2241;109,5091;87,7484
1984-11-01;;;;92,7179;111,7418;74,2704
1984-12-01;;;;95,1915;108,5148;81,8809
1985-01-01;102,1734;107,5742;89,6475;87,1532;101,0831;75,1443
1985-02-01;117,1020;126,4427;96,6017;99,5523;127,2131;75,1036
1985-03-01;124,7782;127,0709;116,9873;103,8225;131,8114;78,7169
1985-04-01;87,9290;94,6402;73,7578;74,3042;91,2956;56,7136
1985-05-01;103,2628;111,1598;92,2767;84,3641;101,9108;73,0349
1985-06-01;148,7828;134,6567;174,1438;133,5033;156,5851;130,3763
1985-07-01;133,9054;126,3011;149,5424;114,4559;128,5388;115,1673
1985-08-01;82,7841;75,2638;84,8795;65,6230;69,0891;61,5635
1985-09-01;102,4345;101,5695;92,4863;84,2864;103,1954;65,1188
1985-10-01;105,9919;91,3422;118,7313;93,5707;101,9737;90,3183
1985-11-01;94,8482;98,2584;80,1221;85,8834;105,1757;63,0611
1985-12-01;96,4212;80,3046;111,2106;80,8830;76,8251;83,4145
1986-01-01;135,3607;137,6683;166,0226;106,4546;126,0415;116,8970
1986-02-01;98,7500;84,0212;114,8156;81,3255;83,8672;81,0929
1986-03-01;98,6767;85,1295;117,5612;84,7304;89,6140;86,7864
1986-04-01;148,3139;142,4934;182,8728;136,7579;158,0754;147,1758
1986-05-01;117,3892;126,6850;114,2022;91,7062;120,5164;77,1910
1986-06-01;96,2943;106,9433;80,0658;76,1740;97,8464;56,8555
1986-07-01;94,7018;99,8081;83,9753;78,5293;99,9112;59,9356
1986-08-01;103,3459;104,7593;99,8452;83,7604;102,9699;67,4190
1986-09-01;117,1079;106,3590;126,7461;96,5883;105,9577;93,8027
1986-10-01;96,7924;109,0169;77,4058;90,3618;122,5619;62,1630
1986-11-01;109,7728;124,6514;89,4716;95,0069;125,0213;66,4716
1986-12-01;89,7538;93,4638;78,1025;79,0999;92,5777;64,6541
1987-01-01;96,9428;90,4955;104,4892;83,1822;90,5404;79,4372
1987-02-01;100,6833;109,7240;89,2960;83,0989;107,5960;66,1354
1987-03-01;89,6077;105,5513;67,0936;72,1878;101,9666;46,7760
1987-04-01;113,3941;117,1281;99,1265;96,9461;110,6610;79,3609
1987-05-01;98,6509;97,3714;95,2352;82,9538;97,0713;69,2694
1987-06-01;94,1824;99,8293;81,8294;76,2453;96,5484;56,7471
1987-07-01;98,8720;107,5289;88,2648;82,4147;106,5348;66,6846
1987-08-01;99,9684;115,4803;87,6013;85,9574;115,6190;67,5040
1987-09-01;121,1671;143,4520;97,5398;102,2316;143,1913;73,2838
1987-10-01;101,0586;110,7010;88,8269;81,7321;100,0197;68,3005
1987-11-01;96,1535;110,7995;75,8837;81,2955;109,6572;57,4303
1987-12-01;109,8564;124,4973;88,2687;95,8617;130,9052;66,6760
1988-01-01;83,2015;87,1409;72,8956;72,0016;90,4193;53,7290
1988-02-01;86,2061;90,1893;73,8231;72,5432;89,6900;54,8590
1988-03-01;110,2065;105,9420;109,3010;94,2317;107,8021;80,0467
1988-04-01;119,4505;113,9364;128,4834;98,6313;110,7216;90,1507
1988-05-01;104,8735;106,5488;97,1542;88,9357;105,0846;72,9275
1988-06-01;79,7081;74,0118;81,0764;64,0826;77,1896;53,1147
1988-07-01;83,4305;70,7920;96,2742;66,6985;68,1196;67,9327
1988-08-01;84,0542;73,7111;93,2809;67,8913;69,2850;68,1078
1988-09-01;74,8427;72,9344;74,3478;63,6510;75,4488;54,2670
1988-10-01;73,4502;71,8087;65,8302;60,8071;70,2030;47,4814
1988-11-01;68,7984;55,8591;77,5584;55,0740;57,7236;51,1947
1988-12-01;90,3987;82,2797;94,3841;69,4520;71,8227;65,8956
1989-01-01;89,2466;89,0952;82,8150;78,8310;91,1424;64,4579
1989-02-01;91,6186;88,4375;91,7746;85,9325;99,1435;77,1508
1989-03-01;87,7338;79,9011;93,0866;75,9468;81,0399;69,2538
1989-04-01;83,5791;77,8344;84,5633;74,1737;81,7817;65,9771
1989-05-01;103,8285;116,7505;80,2670;90,9792;121,5471;59,8805
1989-06-01;89,4616;97,6789;68,4866;78,6791;106,4026;48,1423
1989-07-01;84,7531;84,3260;78,8325;74,3717;94,6038;56,7698
1989-08-01;109,1773;115,9573;115,1862;96,0448;118,7852;90,9728
1989-09-01;85,5458;79,4196;88,9437;74,3281;85,4963;66,7868
1989-10-01;69,5247;68,1561;64,5355;59,3456;67,9765;50,9533
1989-11-01;92,8287;71,7497;112,5226;86,7771;85,2958;88,0924
1989-12-01;112,5535;101,5250;128,6544;99,5774;108,8446;101,1649
1990-01-01;81,5440;76,0114;80,7261;70,6580;79,0239;60,4903
1990-02-01;77,4072;81,1088;65,3890;70,4939;88,4151;51,7482
1990-03-01;67,5919;68,1867;59,7229;61,8260;75,6661;47,2571
1990-04-01;81,6438;97,9765;54,7927;70,2852;95,0144;43,1464
1990-05-01;86,4071;97,8166;66,8438;79,5074;109,3770;52,3381
1990-06-01;79,6811;72,8464;80,6529;69,3521;75,5802;62,1386
1990-07-01;85,7874;82,3693;81,8471;73,7125;80,5874;65,5668
1990-08-01;250,4511;353,7631;128,2502;191,8880;314,0602;89,0123
1990-09-01;188,6605;262,1236;106,9548;143,6249;239,7303;64,9743
1990-10-01;143,8526;172,9464;105,1076;115,0002;160,0461;75,8940
1990-11-01;158,7435;201,1811;115,4035;131,2966;185,2809;94,7277
1990-12-01;153,1624;194,6485;103,1833;128,0811;190,0585;76,8505
1991-01-01;379,2498;360,0328;479,7159;250,3983;285,0218;273,1324
1991-02-01;339,3580;253,7916;490,2737;238,8301;223,3859;299,4720
1991-03-01;148,6183;133,9825;171,3954;122,9637;129,1857;124,7629
1991-04-01;97,7600;100,7750;88,5055;84,3941;103,3010;66,4319
1991-05-01;88,5690;95,4574;79,0677;77,8615;98,8023;58,0322
1991-06-01;87,7338;99,7989;69,4886;72,0470;100,4089;47,1740
1991-07-01;115,1847;144,6511;84,7312;95,5793;142,5217;61,9147
1991-08-01;113,4950;133,4147;87,3453;88,1012;126,3524;57,4990
1991-09-01;117,9422;154,1436;74,7966;96,6939;154,9462;50,8031
1991-10-01;100,8318;122,6444;77,9565;88,1284;130,1506;56,2688
1991-11-01;100,7423;120,3302;77,5821;75,9607;106,5383;51,3506
1991-12-01;103,9695;135,2325;58,7474;91,3700;141,0500;46,5697
1992-01-01;102,9576;126,1565;69,4567;85,8090;126,3737;47,4523
1992-02-01;87,2035;101,0960;62,8605;77,4130;105,2742;48,9865
1992-03-01;85,2973;107,1296;53,6925;70,1068;102,4122;38,7641
1992-04-01;85,8556;92,6412;74,4013;80,6982;101,5624;61,5262
1992-05-01;78,9681;93,0823;56,4354;74,2927;105,5768;43,9118
1992-06-01;93,8491;124,3361;49,7300;85,2382;134,0357;40,6833
1992-07-01;75,1968;92,4289;51,6429;70,3967;102,1290;44,1476
1992-08-01;81,6452;87,5568;70,1595;71,2053;90,1272;53,2204
1992-09-01;74,6097;92,6893;45,7387;72,0609;104,7947;38,3684
1992-10-01;68,1828;71,3363;58,9931;60,0129;75,2116;43,8333
1992-11-01;91,0090;109,6229;68,5569;89,0522;126,3692;57,5278
1992-12-01;83,4210;97,2940;60,8855;75,0059;103,5917;51,5011
1993-01-01;128,9181;144,8935;114,8278;108,9662;142,9427;85,2232
1993-02-01;90,4681;105,2610;64,6374;78,2468;103,8902;55,2082
1993-03-01;94,2414;99,9147;80,2881;80,5173;103,1273;58,6975
1993-04-01;112,7217;144,0390;72,7139;96,7863;145,8043;58,2769
1993-05-01;110,7298;137,3863;77,8839;92,4991;137,9299;52,6921
1993-06-01;104,1953;125,4641;73,3321;86,1347;124,5457;52,0991
1993-07-01;123,3148;131,7584;107,0822;109,4302;136,2613;84,4207
1993-08-01;97,2417;97,0856;94,7356;73,8522;91,2646;58,7519
1993-09-01;89,1648;97,4566;76,9302;81,2483;103,0640;59,4369
1993-10-01;106,1659;130,3068;65,2238;92,5321;135,7893;48,1995
1993-11-01;83,4802;105,1310;51,3559;71,4906;110,7103;32,0086
1993-12-01;79,5518;97,0657;50,1347;67,7884;99,5202;34,8863
1994-01-01;83,4900;93,0918;65,2704;70,5135;94,4737;45,7343
1994-02-01;117,2421;148,1472;76,4881;114,3006;171,9717;64,7425
1994-03-01;93,4740;98,5623;79,4195;85,8406;111,4417;60,5572
1994-04-01;95,3570;116,4459;68,7089;84,9486;128,1677;48,6899
1994-05-01;104,4668;122,9767;73,9062;99,9553;140,6559;62,1504
1994-06-01;120,3522;148,2961;79,9499;107,4422;155,8769;62,1994
1994-07-01;99,6402;115,4033;75,4709;95,8889;129,7524;64,3115
1994-08-01;98,2270;122,9220;66,6402;77,0832;119,4681;40,8069
1994-09-01;98,8985;131,3180;51,3368;81,2936;130,2148;31,4392
1994-10-01;94,8536;118,8993;64,5057;82,3126;127,8674;46,4197
1994-11-01;86,5298;100,7931;70,6895;75,4490;105,9550;56,6322
1994-12-01;96,0475;107,7417;81,6161;88,5725;119,2094;63,4912
1995-01-01;80,1547;84,8991;70,4771;67,5507;85,0040;48,0688
1995-02-01;76,8753;72,5941;77,1460;73,6553;79,8811;63,8503
1995-03-01;82,2444;79,1590;79,8753;71,8490;85,8140;57,8342
1995-04-01;99,1909;93,9230;99,1479;95,9705;99,0717;88,4912
1995-05-01;87,8425;96,4092;79,3496;77,5191;95,6033;63,8361
1995-06-01;104,6078;121,5790;85,1209;91,7955;127,7479;64,2424
1995-07-01;107,6454;115,3248;100,1974;93,1833;115,2822;77,2925
1995-08-01;106,9348;118,4973;100,7675;97,2186;123,7615;87,7896
1995-09-01;71,2052;72,9840;68,8176;55,5984;66,9701;50,9531
1995-10-01;67,7415;64,2778;69,1265;52,8360;60,2873;46,9973
1995-11-01;76,3335;78,8126;69,8659;60,7527;74,0455;50,4366
1995-12-01;65,6721;68,9820;55,3638;63,1365;73,5629;50,3673
1996-01-01;75,6349;73,6601;79,6825;65,8823;68,9936;68,2453
1996-02-01;80,4209;85,9760;69,1578;69,6742;94,5134;47,4375
1996-03-01;82,1476;77,8910;84,0882;67,6369;78,0765;57,5876
1996-04-01;84,8286;71,2320;98,6464;64,8828;69,4112;65,1757
1996-05-01;65,5308;59,1930;68,7107;54,0116;56,7932;51,1503
1996-06-01;69,0886;72,5259;61,6702;53,9300;62,0887;44,9723
1996-07-01;80,6443;74,9069;85,2722;64,3693;72,9422;62,4612
1996-08-01;81,6876;81,7337;85,6939;66,0559;79,2892;62,0630
1996-09-01;88,1970;87,0483;92,8390;77,1430;86,0224;75,9073
1996-10-01;55,5868;56,8798;49,5444;42,8390;50,4698;34,7286
1996-11-01;57,3446;58,0576;51,0384;49,1280;52,5568;43,1968
1996-12-01;74,9826;80,1786;66,1765;61,4036;72,4723;51,7157
1997-01-01;54,0624;53,2578;55,2273;43,2769;51,0288;40,5753
1997-02-01;50,5599;54,5014;43,5092;38,7060;47,5514;33,1147
1997-03-01;58,4801;56,3663;59,9073;46,3582;53,8287;39,7969
1997-04-01;62,8445;62,3761;61,2805;48,4068;56,4251;40,8176
1997-05-01;53,5760;53,5443;49,5729;44,1548;51,1609;37,8385
1997-06-01;39,0456;36,6856;38,6395;28,0306;30,3113;25,8920
1997-07-01;47,6984;47,4284;43,4338;30,9820;34,3281;27,0662
1997-08-01;48,5823;46,3086;49,4250;37,3386;37,4835;37,6879
1997-09-01;42,6891;41,6393;41,0879;33,7864;39,1041;27,4902
1997-10-01;49,7463;58,6895;34,4602;37,5055;55,1214;20,3990
1997-11-01;59,6934;79,0363;32,7655;51,5569;83,4692;23,5976
1997-12-01;43,9983;48,3623;35,8391;35,9746;46,3407;25,9574
1998-01-01;53,0963;59,8213;42,4878;37,5229;54,7923;23,8991
1998-02-01;77,5976;101,8408;45,3680;57,5065;87,7808;33,0854
1998-03-01;57,2481;65,5020;44,5167;45,8666;60,7155;34,1291
1998-04-01;50,9966;58,7674;38,0028;35,7206;50,3726;22,2826
1998-05-01;94,4735;129,7989;43,8028;66,7312;107,0539;24,3615
1998-06-01;76,3091;94,9547;48,7789;59,4693;87,8347;34,3008
1998-07-01;54,0484;64,2263;38,2993;46,3736;65,7273;31,4079
1998-08-01;97,0209;83,9386;123,8387;74,2348;76,0704;84,8379
1998-09-01;62,5134;68,4770;55,1296;51,4683;65,3990;42,0793
1998-10-01;54,4036;57,8959;48,2780;39,1480;48,2676;32,9294
1998-11-01;67,9659;88,0713;38,6023;53,1176;78,4516;28,9518
1998-12-01;75,9599;86,2804;64,9998;54,3452;72,6116;43,0589
1999-01-01;63,9872;69,4612;53,7727;48,8342;67,2682;33,0206
1999-02-01;58,3164;67,2840;44,1740;39,0225;52,0195;31,2392
1999-03-01;83,3973;89,7384;75,1881;73,2886;92,0513;61,8817
1999-04-01;106,1980;112,3414;103,2334;87,2043;103,9878;80,1733
1999-05-01;85,4411;89,3776;80,6714;71,0503;86,5840;64,9597
1999-06-01;79,4105;75,9613;83,7615;62,7369;67,6800;62,0948
1999-07-01;62,1429;66,8373;54,2579;45,0994;56,4478;38,2054
1999-08-01;62,8586;65,2621;57,9600;42,6756;52,6170;33,4211
1999-09-01;69,5815;75,5427;62,2140;55,7314;72,3399;40,9692
1999-10-01;72,3535;79,3841;60,1620;57,7734;79,0749;38,5418
1999-11-01;57,9639;60,3870;52,4980;44,1213;55,2519;34,7488
1999-12-01;86,0849;95,5108;86,4697;70,1758;93,5212;62,2177
2000-01-01;64,4578;65,5736;64,2504;52,9665;60,8445;49,4888
2000-02-01;63,5417;57,6514;68,0822;54,4604;58,0566;52,4267
2000-03-01;50,1020;55,0307;40,8164;39,3819;52,4212;27,2666
2000-04-01;48,6827;53,3049;40,9170;39,6601;53,6520;27,0734
2000-05-01;79,4829;77,2697;83,2278;60,2038;68,1318;56,9352
2000-06-01;64,7178;73,5747;53,1744;50,0067;68,1841;36,1532
2000-07-01;51,9040;57,3170;41,0591;39,5753;51,1577;28,2412
2000-08-01;46,4923;49,1923;41,5859;32,6048;41,7257;26,2949
2000-09-01;52,6900;64,4450;35,1921;44,6667;65,4649;25,7410
2000-10-01;76,4565;82,3876;77,6101;58,1827;73,0438;56,4899
2000-11-01;45,0606;44,3577;47,2068;36,5154;45,4591;34,3257
2000-12-01;45,3951;46,1690;43,9834;39,0644;43,9410;36,4753
2001-01-01;46,8996;53,7024;38,3433;38,0375;52,4566;27,8634
2001-02-01;55,0877;63,6899;45,4267;33,4736;45,4338;23,8197
2001-03-01;61,7090;66,7222;56,8670;41,9616;49,5930;36,6136
2001-04-01;50,5687;52,7737;47,1722;38,0690;48,3905;30,0997
2001-05-01;60,3769;61,3450;56,8642;46,6959;57,5825;39,3497
2001-06-01;72,0643;79,3131;64,2145;52,2373;66,2594;43,7543
2001-07-01;61,0729;65,4928;52,6188;50,5755;60,4459;43,0475
2001-08-01;64,1077;55,2321;74,8922;48,3960;47,3352;52,9527
2001-09-01;498,6479;260,1696;841,1775;289,9401;148,7926;457,5051
2001-10-01;512,5297;261,3474;854,0750;303,5853;169,7458;469,6302
2001-11-01;306,7859;149,7952;509,7461;215,2744;128,4961;317,5942
2001-12-01;236,0997;126,1980;381,9725;179,2760;104,6106;266,2728
2002-01-01;172,4772;106,9162;262,2870;131,6185;98,3115;179,2924
2002-02-01;146,1857;95,7803;212,9055;106,1024;81,2875;137,2414
2002-03-01;151,9764;99,1233;219,9688;112,1450;84,0146;149,9773
2002-04-01;157,4966;100,7444;225,6404;114,5656;81,3832;149,7153
2002-05-01;163,3223;142,2468;209,4088;118,0643;116,0478;137,3586
2002-06-01;149,3304;127,7907;189,1235;107,9473;105,6830;126,7670
2002-07-01;122,7783;94,3497;168,4197;90,2196;77,2162;110,0684
2002-08-01;127,0645;101,6957;157,4644;88,4415;70,1543;106,0829
2002-09-01;174,9033;174,5314;188,7192;111,6643;120,1530;119,4856
2002-10-01;172,0319;167,0258;197,3991;119,1705;130,8165;129,5954
2002-11-01;159,1276;155,0137;179,0628;117,2411;119,9801;126,3735
2002-12-01;175,8117;182,9996;175,1984;116,2656;128,8794;115,6813
2003-01-01;206,4346;245,8176;176,9599;136,6438;175,4782;118,8901
2003-02-01;239,6109;296,7598;213,0803;140,8801;189,8138;133,2623
2003-03-01;358,7112;362,4111;429,1442;244,5722;261,7756;293,8319
2003-04-01;255,7752;212,6055;331,6032;209,3073;192,0057;259,4052
2003-05-01;162,1219;153,3963;186,8464;131,4034;135,0242;142,0788
2003-06-01;145,7697;127,8335;176,9183;126,8751;120,6552;151,6710
2003-07-01;134,8989;108,3928;167,4487;119,3579;107,3204;135,6697
2003-08-01;138,2309;109,6491;180,0001;112,9456;97,6416;135,6451
2003-09-01;118,1963;99,7205;143,5572;102,6230;92,0862;119,7510
2003-10-01;108,3174;93,0283;129,9433;94,5969;87,0363;109,8814
2003-11-01;118,0867;93,3316;153,2463;95,3519;73,8769;124,0845
2003-12-01;129,4651;107,4440;164,9805;109,3330;92,4710;133,3729
2004-01-01;113,4676;106,7173;126,0852;97,6767;100,0355;107,7420
2004-02-01;115,0760;104,1148;129,2443;98,9583;95,1473;110,9379
2004-03-01;138,5321;109,1239;183,7030;105,2477;79,9914;138,1884
2004-04-01;149,6314;121,1462;205,3252;121,1283;113,2753;155,8911
2004-05-01;121,0912;91,9654;159,9484;105,2377;80,0677;133,3695
2004-06-01;137,2339;106,7937;178,0366;125,6106;102,4010;150,8447
2004-07-01;131,0199;121,2678;159,8122;121,0871;116,5845;144,4750
2004-08-01;140,3658;127,4452;176,4543;120,9060;120,7003;147,6528
2004-09-01;153,8716;130,2061;189,3552;133,3672;118,1497;159,0100
2004-10-01;119,8628;100,5079;148,2445;105,0982;97,1281;124,7578
2004-11-01;122,7074;98,9267;151,6793;107,2893;90,1481;127,2442
2004-12-01;109,8952;81,6048;145,2253;86,8296;68,1565;110,1753
2005-01-01;100,8876;78,1986;128,5349;80,8365;67,5136;98,1656
2005-02-01;108,9780;104,7704;108,7960;90,2612;92,5569;87,2347
2005-03-01;90,4105;87,2263;87,8767;72,8620;73,8422;70,5137
2005-04-01;87,0324;72,5326;102,8539;76,2219;65,1567;89,3051
2005-05-01;98,2060;89,9327;104,9099;82,1899;80,6526;86,8040
2005-06-01;81,1241;69,8825;93,4175;71,1310;63,9932;80,9572
2005-07-01;165,9019;118,1836;237,5650;122,3240;97,0309;160,0958
2005-08-01;116,2277;92,6831;143,2912;92,7262;85,9167;98,8215
2005-09-01;103,8077;78,4567;130,2720;82,5535;63,5690;99,4303
2005-10-01;87,0618;73,1877;105,5619;76,8453;72,2440;86,9953
2005-11-01;83,4801;70,6045;96,0296;67,8366;63,1207;74,3512
2005-12-01;95,3503;69,6446;130,6789;86,6675;70,1602;111,3954
2006-01-01;94,5100;89,3235;100,1916;80,4650;80,4487;85,3659
2006-02-01;95,8582;89,4058;102,7986;77,1499;79,7546;77,1283
2006-03-01;92,7976;88,0422;97,0360;81,5135;86,6001;79,8098
2006-04-01;89,0158;85,9110;92,8307;71,6876;73,7813;72,1805
2006-05-01;85,2088;84,0331;82,2774;77,7981;85,8501;71,6390
2006-06-01;102,5728;90,3845;115,6795;83,3894;80,4337;90,8258
2006-07-01;137,1348;134,3963;142,0861;106,7959;103,5388;116,1914
2006-08-01;147,0811;141,5565;159,1882;106,3726;104,8329;114,5579
2006-09-01;111,7243;110,2804;114,7707;99,5656;107,8975;96,7177
2006-10-01;113,1353;125,2919;99,2739;91,6652;113,2496;75,0416
2006-11-01;88,7789;87,2758;86,7105;75,4869;80,4409;71,1397
2006-12-01;90,6066;95,7814;78,7697;80,4273;91,4899;69,0596
2007-01-01;97,9200;95,6134;97,6537;94,1446;103,0505;86,4424
2007-02-01;96,1694;98,1557;90,9557;88,5464;103,3746;78,7616
2007-03-01;87,3365;86,1521;83,9186;74,7907;81,0164;70,2424
2007-04-01;76,6134;69,2255;83,4193;73,9341;73,9475;74,5047
2007-05-01;92,5996;82,3032;103,8926;88,0791;92,7271;88,4395
2007-06-01;97,9723;87,0806;109,3094;92,1576;85,7919;100,0209
2007-07-01;112,3463;103,2634;127,1347;96,1721;102,5856;102,0678
2007-08-01;83,1732;73,1257;100,1483;70,5976;69,3000;78,1028
2007-09-01;94,4889;94,9400;92,2487;88,0854;98,9297;83,4392
2007-10-01;101,4730;103,6103;97,4952;94,4380;107,9464;86,6083
2007-11-01;89,7954;95,7385;81,5684;76,5249;83,6671;72,0974
2007-12-01;94,9675;98,5314;84,1308;80,9572;93,9054;67,7246
2008-01-01;81,4998;76,4024;83,7476;80,7180;84,2391;76,4091
2008-02-01;80,7515;72,5285;86,7528;79,3384;79,1164;83,7892
2008-03-01;77,6361;72,0297;83,4844;67,8318;64,6093;72,4032
2008-04-01;71,9048;69,4580;69,9927;68,2982;74,9150;63,8549
2008-05-01;72,5738;70,6777;74,7898;65,2366;68,0384;62,8632
2008-06-01;87,5484;88,8861;80,3449;70,5272;73,7141;64,3660
2008-07-01;89,7396;84,3225;88,1607;79,4317;81,1718;78,7697
2008-08-01;88,5541;75,7697;105,0657;74,7656;68,1362;86,4547
2008-09-01;88,5426;82,0143;94,4610;77,9458;83,2493;74,5607
2008-10-01;64,1598;53,1174;75,2827;52,1328;47,1409;58,8565
2008-11-01;79,0810;68,3036;95,1436;63,4149;59,1461;73,3055
2008-12-01;92,3664;83,8431;109,2150;74,6731;77,1111;80,4181
2009-01-01;85,3695;86,3132;89,7125;61,3349;61,6266;66,9564
2009-02-01;67,4527;64,7729;64,5864;63,0489;66,6302;60,0685
2009-03-01;72,6446;69,1771;74,8330;56,7526;57,6926;55,8723
2009-04-01;85,6885;84,4854;83,9813;69,4847;72,7662;70,9338
2009-05-01;89,6809;86,6370;92,6432;77,4302;80,3318;77,7689
2009-06-01;81,1096;80,8008;74,5913;71,3569;88,4308;52,9849
2009-07-01;83,4396;82,1068;80,1209;69,4315;80,0650;59,8545
2009-08-01;73,3719;64,7092;78,0439;59,9465;58,1182;60,4683
2009-09-01;92,8400;97,4929;77,7846;74,6005;83,8055;62,6702
2009-10-01;90,5764;88,2299;90,4251;81,0395;90,1058;74,1005
2009-11-01;82,1018;74,3154;85,0098;66,1575;68,1847;64,1482
2009-12-01;92,9469;89,3433;95,8714;84,3960;89,7403;81,2583
2010-01-01;91,5810;84,9730;100,4109;78,1244;82,4678;77,8087
2010-02-01;80,7254;78,8463;80,7117;71,4598;82,1333;63,2755
2010-03-01;74,1169;73,4969;70,0393;58,7096;70,4153;46,2998
2010-04-01;88,7616;92,0569;81,2684;72,4843;92,4969;49,5957
2010-05-01;88,9587;87,4941;85,8574;85,6721;95,8375;78,3364
2010-06-01;96,4537;110,6917;70,9886;95,8710;126,5792;63,3965
2010-07-01;79,3814;75,1854;84,0482;66,1782;77,6178;60,8752
2010-08-01;80,9939;71,9515;85,9826;74,3933;79,4971;68,2311
2010-09-01;71,1685;68,9475;69,2940;63,3668;70,9091;56,6448
2010-10-01;65,9919;62,0962;76,1689;57,8124;68,8523;57,9496
2010-11-01;94,7052;98,6891;83,2665;82,3156;101,5120;68,5332
2010-12-01;97,2039;100,3977;91,7621;79,6795;100,4560;66,4995
2011-01-01;79,4216;76,5936;78,8070;67,2546;77,4881;60,1116
2011-02-01;90,0145;90,1893;85,4868;70,8976;82,0720;60,2393
2011-03-01;136,8883;126,9657;157,4798;101,0965;103,0471;113,5606
2011-04-01;91,0178;72,9232;111,9447;76,1162;73,7947;79,8571
2011-05-01;105,3449;95,5066;123,8261;90,7013;90,9884;105,3300
2011-06-01;84,3918;71,3911;98,2728;77,3433;77,8081;80,0226
2011-07-01;78,9248;59,0190;102,1118;68,4137;67,5906;74,1835
2011-08-01;86,9516;63,5047;112,4991;71,4896;64,1273;80,8242
2011-09-01;83,3504;70,6067;95,2674;72,5040;77,5427;68,2515
2011-10-01;76,3399;64,1851;92,3433;66,2101;62,9321;75,0603
2011-11-01;83,1577;95,5745;70,1100;70,8802;91,2081;59,6086
2011-12-01;85,3413;88,8941;77,4765;75,7466;92,1176;58,5109
2012-01-01;79,6350;93,6096;62,0684;68,2679;88,8692;55,3072
2012-02-01;92,4458;104,2075;78,5999;76,5500;95,2321;61,4625
2012-03-01;88,7600;87,8565;85,8570;74,9962;91,7158;63,6639
2012-04-01;96,0167;101,9208;86,3844;78,8109;97,2456;64,3083
2012-05-01;78,1712;80,6349;69,7435;70,2325;86,7758;56,9507
2012-06-01;77,8224;70,2322;82,1747;61,8748;70,2618;53,5169
2012-07-01;82,8080;79,3363;91,0008;67,4639;80,7003;64,4870
2012-08-01;74,8784;70,9892;78,1116;68,6360;76,4930;65,0453
2012-09-01;69,2805;68,4028;65,8713;61,4419;71,3607;52,7103
2012-10-01;81,6637;74,2060;88,0309;69,4249;67,0084;71,3591
2012-11-01;81,3896;75,6585;89,0484;67,2801;70,2007;70,3115
2012-12-01;74,8316;66,2405;82,9786;65,6222;64,2385;69,1380
2013-01-01;90,6575;84,1399;108,9493;70,8666;75,1753;78,5823
2013-02-01;81,5903;77,6053;85,6582;72,4058;78,0701;71,6275
2013-03-01;75,8967;81,8918;69,3968;55,7015;70,4383;46,3149
2013-04-01;95,1079;99,5219;87,4728;76,6897;93,3273;65,0754
2013-05-01;83,7173;75,3292;98,2276;73,3461;77,8396;79,4704
2013-06-01;82,9730;78,8219;86,6342;71,1839;79,7482;71,4786
2013-07-01;73,9758;71,5572;72,6759;58,9587;63,2965;56,2952
2013-08-01;90,9567;80,7396;106,9791;71,7505;73,0562;76,9357
2013-09-01;100,4593;100,3842;100,1635;85,7788;96,7711;78,2420
2013-10-01;72,9531;65,5017;78,7300;64,7018;76,1066;57,8247
2013-11-01;77,7790;92,4989;52,4384;68,7341;99,3281;39,7978
2013-12-01;70,3725;70,0946;66,7907;70,1871;82,1693;57,1303
2014-01-01;77,9160;70,4808;83,1459;71,9802;77,7512;68,9960
2014-02-01;69,0035;73,2787;59,0866;63,7807;75,1334;54,9025
2014-03-01;119,8386;151,6748;74,0619;92,2151;130,4795;60,4101
2014-04-01;93,2215;113,1399;60,9063;75,9331;105,7234;50,5822
2014-05-01;83,4289;91,6988;76,1504;73,1231;93,5054;62,7998
2014-06-01;98,7671;95,3230;107,1820;82,3318;92,0514;79,1396
2014-07-01;138,7540;162,7151;118,5468;104,5683;144,6428;85,3112
2014-08-01;136,4456;158,5935;112,1145;96,0631;123,0923;81,2649
2014-09-01;131,5567;143,3954;120,7819;104,1305;129,8907;90,8536
2014-10-01;83,6610;86,3335;77,1939;68,8133;80,5383;59,0033
2014-11-01;84,3801;88,4699;76,3375;67,8210;89,1669;47,0840
2014-12-01;86,5262;81,2732;96,2374;69,4857;78,2540;63,6801
2015-01-01;111,9857;83,5039;153,3398;94,4411;91,5607;110,7336
2015-02-01;111,9247;118,2252;107,7905;98,1432;125,6130;82,1220
2015-03-01;104,2353;117,4887;83,6329;95,0536;135,9444;61,7632
2015-04-01;102,1905;110,1887;95,0865;90,0972;117,8200;77,0347
2015-05-01;76,2623;77,6687;72,8619;67,8886;74,8388;61,9192
2015-06-01;85,9060;81,0661;88,7894;78,0305;92,7331;69,0878
2015-07-01;106,8087;120,8430;86,1688;94,7588;124,3762;66,1332
2015-08-01;82,4785;85,3386;74,0283;83,1237;107,2049;63,7631
2015-09-01;98,7675;115,8852;79,3454;95,8923;132,5057;70,5895
2015-10-01;91,9319;79,7263;108,5144;90,8706;87,1166;106,3696
2015-11-01;150,7159;113,0440;213,9935;119,5105;102,4421;162,0486
2015-12-01;148,2369;115,2244;204,6313;131,2106;119,5103;167,4989
2016-01-01;118,2111;124,2391;109,5291;97,5021;116,3427;90,7304
2016-02-01;103,7496;91,3220;117,5820;84,3152;83,2860;89,1484
2016-03-01;109,7203;98,0269;127,7681;93,4527;108,5792;87,0840
2016-04-01;85,2215;80,8224;93,1230;85,3721;93,7286;85,3002
2016-05-01;88,3324;84,4614;93,6397;77,3543;84,6098;73,3933
2016-06-01;90,1681;80,5129;100,8574;74,2213;70,7241;80,7323
2016-07-01;114,6105;97,0980;145,1487;90,4311;82,4276;109,3131
2016-08-01;98,7385;82,4405;121,4537;79,6498;77,6207;85,1645
2016-09-01;104,5452;95,4896;121,1505;94,0345;110,1596;92,7045
2016-10-01;85,7478;79,6481;100,3077;77,6897;72,0455;92,1394
2016-11-01;82,9188;81,2256;83,9751;71,8623;86,9921;61,4490
2016-12-01;102,1805;93,9366;113,9795;86,4172;88,7550;91,2584
2017-01-01;105,2012;108,2770;103,1712;86,7619;105,4065;78,7753
2017-02-01;114,2064;125,6647;97,1516;98,7523;129,2497;79,0557
2017-03-01;96,6359;95,8384;95,6745;80,1341;93,5094;76,7618
2017-04-01;119,4599;127,4465;108,0688;93,1114;114,9582;73,0186
2017-05-01;102,5800;102,3546;99,7048;78,9105;92,2438;67,1678
2017-06-01;126,7890;113,1685;146,6717;105,3293;120,5196;101,9663
2017-07-01;102,8135;125,5992;71,9551;86,8912;125,2434;47,8783
2017-08-01;138,5316;160,0231;108,4360;107,8745;144,2808;81,9459
2017-09-01;115,5344;142,1449;84,0963;95,0247;141,5064;62,8858
2017-10-01;91,4616;109,2306;69,1570;76,0987;111,7411;55,2029
2017-11-01;92,5960;103,9440;80,1159;61,7597;75,9966;59,1606
2017-12-01;82,7183;95,9084;62,6575;64,8412;89,8051;48,0035
2018-01-01;92,4268;107,6443;75,6663;69,3433;85,8579;59,4510
2018-02-01;64,4914;74,6831;52,0022;58,2116;77,4453;44,5978
2018-03-01;111,9623;146,9271;64,5576;76,1365;105,1296;54,7256
2018-04-01;123,2635;146,3957;94,3059;76,4017;99,2791;64,7566
2018-05-01;125,6666;172,2167;63,2179;83,7504;132,5182;44,9784
2018-06-01;103,9686;137,0245;56,6404;77,2205;113,8260;49,0623
2018-07-01;110,0284;129,1023;84,4085;68,6153;88,4360;54,5706
2018-08-01;112,7417;145,1141;68,5756;74,0052;98,9071;55,0420
2018-09-01;75,0539;88,6236;51,1639;51,7537;64,2871;42,4382
2018-10-01;92,0165;115,2122;61,1505;60,4943;85,8656;40,0932
2018-11-01;80,4076;105,1669;47,4022;52,7513;76,5185;33,6692
2018-12-01;90,6077;106,0627;66,2409;63,8191;87,2031;40,3843
2019-01-01;87,4241;112,9805;55,7335;66,3917;96,9476;42,2863
2019-02-01;96,8002;127,8574;57,5117;75,3129;110,8435;43,5841
2019-03-01;82,3283;90,7896;66,6412;63,7117;79,2502;50,6120
2019-04-01;79,2534;95,4554;57,5155;60,0585;78,4616;43,9497
2019-05-01;106,4719;134,9725;64,6634;76,1169;113,9016;44,1558
2019-06-01;106,5885;142,6535;53,4206;73,2574;119,3189;34,2566
2019-07-01;93,5213;126,9308;47,4189;70,4390;118,7665;29,5763
2019-08-01;103,4044;124,7254;70,0974;94,9569;127,1513;65,9043
2019-09-01;90,3680;110,8709;67,8102;70,8294;94,9597;56,1621
2019-10-01;97,8367;121,3110;69,9666;72,8651;106,5433;55,9589
2019-11-01;73,0784;84,5873;53,0325;64,5257;86,4285;43,0465
2019-12-01;74,2799;80,1108;63,3314;50,6493;64,9035;41,5265
2020-01-01;138,4209;190,8444;81,6509;104,5239;163,8266;70,5048
2020-02-01;75,9556;87,1625;56,6861;62,8564;91,8507;36,4633
2020-03-01;81,5400;97,0901;62,9030;80,5613;111,6932;49,7527
2020-04-01;69,3394;81,7608;47,5912;67,5396;102,4900;35,8218
2020-05-01;68,5072;83,3555;42,2956;75,3539;112,6922;38,5048
2020-06-01;71,2279;85,8666;49,7609;64,8609;101,9275;33,9373
2020-07-01;66,4733;88,7380;36,2521;61,8197;95,2598;30,5895
2020-08-01;65,4660;90,0091;28,4546;55,4254;89,0465;21,1288
2020-09-01;80,3774;101,2576;49,5181;59,5342;87,3793;30,1551
2020-10-01;76,0832;97,6526;42,6814;54,3388;81,8648;27,8181
2020-11-01;70,0675;79,0364;62,3139;50,4462;69,7535;38,9868
2020-12-01;64,0673;86,8153;31,7444;56,5989;88,9603;25,1722
2021-01-01;77,4187;98,4756;48,2875;61,6367;85,5872;41,7381
2021-02-01;73,9568;94,4836;46,3268;52,2945;81,2942;29,6738
2021-03-01;78,6188;100,8520;49,4180;53,8863;86,9385;27,8076
2021-04-01;88,1662;109,5870;67,8738;59,9755;86,6009;40,8622
2021-05-01;93,0071;120,7828;52,6261;70,3401;99,7001;45,3703
2021-06-01;74,1271;92,5465;46,3486;59,4450;83,0579;37,3242
2021-07-01;58,4208;64,0363;50,7158;46,8757;55,3616;42,4538
2021-08-01;89,4865;103,2016;76,4829;59,0632;79,1560;51,7637
2021-09-01;80,6970;92,0473;67,9403;64,5666;89,3056;49,0083
2021-10-01;79,0292;93,8080;61,1491;53,4829;72,5924;38,0582
2021-11-01;86,5691;121,5010;39,7427;52,6768;84,6805;22,4267
2021-12-01;105,3454;155,3103;47,6549;69,3571;116,3800;39,5466
2022-01-01;138,6750;199,4875;63,2515;85,0954;137,3561;52,3106
2022-02-01;216,1590;320,6059;105,2183;120,5243;201,0676;67,1553
2022-03-01;318,9549;403,7136;250,9559;167,3444;264,4522;123,5471
2022-04-01;191,1431;221,9106;184,4178;127,2363;172,5255;115,5502
2022-05-01;142,2585;166,4246;140,1373;99,6048;137,2688;92,2590
2022-06-01;130,7073;160,7270;114,8147;100,1022;151,7949;84,4741
2022-07-01;117,1768;141,2429;97,8387;97,2653;131,3447;80,3371
2022-08-01;132,8632;159,3830;111,1586;119,8322;168,9075;97,5437
2022-09-01;131,9859;170,3118;108,6281;112,9869;179,7809;79,7872
2022-10-01;143,1624;185,2843;112,6750;129,1385;193,3054;102,5205
2022-11-01;116,7163;143,0466;98,6826;100,4370;149,1683;84,3960
2022-12-01;111,1959;119,1385;109,7722;95,6676;131,0983;83,4593
2023-01-01;104,2670;113,0214;94,6299;81,1765;100,7369;74,2690
2023-02-01;120,9944;147,0502;103,0288;100,3081;143,7174;85,2677
2023-03-01;105,3800;125,0858;86,7540;95,4134;129,5942;77,8997
2023-04-01;106,8097;118,1668;93,2484;89,5024;123,8217;73,3503
2023-05-01;108,4677;122,4715;92,7594;86,6424;109,1034;71,7529
2023-06-01;110,5289;129,4065;95,2789;100,8022;138,6140;90,5779
2023-07-01;107,4488;123,8092;91,7680;94,5373;129,2171;79,0357
2023-08-01;101,1412;117,6094;83,6050;74,2198;102,5130;56,0702
2023-09-01;98,6348;125,6518;68,4659;69,4558;94,7713;57,6619
2023-10-01;197,8870;205,0401;221,8039;138,6276;167,7612;144,2971
2023-11-01;156,6961;143,4944;189,5544;138,6827;145,2711;166,3672
2023-12-01;142,2795;136,1784;173,9638;125,2103;136,2453;148,4984
2024-01-01;160,3737;140,8361;208,4711;119,9847;127,4676;137,3940
2024-02-01;146,5982;140,2447;171,1812;109,9495;127,3617;122,7785
2024-03-01;133,2132;121,5397;151,8140;96,9741;103,3334;104,9082
2024-04-01;163,9473;170,6980;165,9907;112,0071;120,6567;119,7196
2024-05-01;130,5219;131,4471;133,1543;107,4619;128,5681;102,5015
2024-06-01;113,0928;125,7130;109,7384;86,7711;100,2337;89,4987
2024-07-01;92,3949;95,1603;95,1103;71,8440;79,6033;68,0545
2024-08-01;140,9751;124,8050;165,1795;105,3027;100,7653;122,4553
2024-09-01;130,3588;134,0370;135,5546;95,6993;102,5940;100,6755
2024-10-01;130,6892;128,4097;142,8184;90,8946;103,3159;94,7899
2024-11-01;128,9016;139,1487;127,4289;94,9616;123,3412;88,9134
2024-12-01;142,3664;128,2625;164,8137;116,5215;113,4326;124,5448
2025-01-01;113,2332;117,0864;109,5049;100,8918;112,7896;99,3893
2025-02-01;136,9806;138,7677;140,7872;94,5020;107,7477;98,2263
2025-03-01;175,3082;195,3492;159,0332;119,5879;143,9908;120,6701
2025-04-01;140,9737;159,2575;132,0557;111,2907;144,2876;106,6072
2025-05-01;166,0472;203,8773;149,2124;128,9099;188,2707;107,8849
2025-06-01;221,1349;286,4391;182,0747;156,3690;237,5517;122,9451
2025-07-01;134,2220;156,1100;119,3324;106,1988;136,6198;101,1240
2025-08-01;138,9885;160,4152;121,7311;119,7130;179,5546;92,0774
2025-09-01;125,8695;141,8061;114,7891;113,9484;161,8945;91,9209
2025-10-01;154,5129;167,9981;151,5487;132,3566;165,6374;122,5357
2025-11-01;104,3518;118,6973;88,6973;90,5221;119,1046;77,9627
2025-12-01;130,9559;144,9062;121,7885;112,3261;142,1059;99,5858
2026-01-01;168,6299;220,1714;100,2221;128,0704;198,1203;70,9653
2026-02-01;120,7452;157,4674;81,6798;108,2605;159,0780;74,4798
2026-03-01;329,6536;318,0307;448,6548;252,1370;281,9734;314,0485
2026-04-01;250,8073;268,3532;307,2479;211,1727;261,4216;241,8358
2026-05-01;184,1770;214,3945;198,0838;161,4609;214,0921;170,8623
